source,target
Nguyễn Quang Hải (sinh 1997),AFC Asian Cup 2019
Nguyễn Quang Hải (sinh 1997),AFC Champions League
Nguyễn Quang Hải (sinh 1997),AFC Cup 2019
Nguyễn Quang Hải (sinh 1997),ASEAN Championship 2024
Nguyễn Quang Hải (sinh 1997),Al Ain
Nguyễn Quang Hải (sinh 1997),Al Rayyan (thành phố)
Nguyễn Quang Hải (sinh 1997),Alan Grafite
Nguyễn Quang Hải (sinh 1997),Alexandré Pölking
Nguyễn Quang Hải (sinh 1997),Altyn Asyr FK
Nguyễn Quang Hải (sinh 1997),"Bishan, Singapore"
Nguyễn Quang Hải (sinh 1997),Brazil
Nguyễn Quang Hải (sinh 1997),Brunei
Nguyễn Quang Hải (sinh 1997),Báo Dân Trí
Nguyễn Quang Hải (sinh 1997),Báo Lao Động
Nguyễn Quang Hải (sinh 1997),Báo Thanh Niên
Nguyễn Quang Hải (sinh 1997),Báo Thể thao & Văn hóa
Nguyễn Quang Hải (sinh 1997),Báo Tiền Phong
Nguyễn Quang Hải (sinh 1997),Bình Dương
Nguyễn Quang Hải (sinh 1997),Bóng đá
Nguyễn Quang Hải (sinh 1997),Bóng đá tại Đại hội Thể thao châu Á
Nguyễn Quang Hải (sinh 1997),Bóng đá tại Đại hội Thể thao châu Á 2018
Nguyễn Quang Hải (sinh 1997),Bóng đá tại Đại hội Thể thao châu Á 2018 - Nam
Nguyễn Quang Hải (sinh 1997),Bóng đá tại Đại hội Thể thao Đông Nam Á
Nguyễn Quang Hải (sinh 1997),Bóng đá tại Đại hội Thể thao Đông Nam Á 2017
Nguyễn Quang Hải (sinh 1997),Bóng đá tại Đại hội Thể thao Đông Nam Á 2019 - Nam
Nguyễn Quang Hải (sinh 1997),Bùi Hoàng Việt Anh
Nguyễn Quang Hải (sinh 1997),"Bùi Tiến Dũng (cầu thủ bóng đá, sinh 1995)"
Nguyễn Quang Hải (sinh 1997),"Bùi Tiến Dũng (cầu thủ bóng đá, sinh 1997)"
Nguyễn Quang Hải (sinh 1997),"Bùi Tiến Dũng (cầu thủ bóng đá, sinh năm 1995)"
Nguyễn Quang Hải (sinh 1997),"Bùi Tiến Dũng (cầu thủ bóng đá, sinh năm 1997)"
Nguyễn Quang Hải (sinh 1997),Bùi Tiến Dũng (thủ môn)
Nguyễn Quang Hải (sinh 1997),Bùi Tiến Dụng
Nguyễn Quang Hải (sinh 1997),Bùi Vĩ Hào
Nguyễn Quang Hải (sinh 1997),Bùi Xuân Thịnh
Nguyễn Quang Hải (sinh 1997),Bắc Giang
Nguyễn Quang Hải (sinh 1997),COVID-19
Nguyễn Quang Hải (sinh 1997),Campuchia
Nguyễn Quang Hải (sinh 1997),Cao Pendant Quang Vinh
Nguyễn Quang Hải (sinh 1997),Championat National 3 2022–23
Nguyễn Quang Hải (sinh 1997),Championnat National 3
Nguyễn Quang Hải (sinh 1997),Chu Văn Tấn (cầu thủ bóng đá)
Nguyễn Quang Hải (sinh 1997),Chung kết Giải vô địch bóng đá ASEAN 2024
Nguyễn Quang Hải (sinh 1997),Châu Ngọc Quang
Nguyễn Quang Hải (sinh 1997),Coupe de France
Nguyễn Quang Hải (sinh 1997),Câu lạc bộ bóng đá Công an Hà Nội
Nguyễn Quang Hải (sinh 1997),Câu lạc bộ bóng đá Công an Hà Nội (1956)
Nguyễn Quang Hải (sinh 1997),Câu lạc bộ bóng đá Hà Nội (2016)
Nguyễn Quang Hải (sinh 1997),Câu lạc bộ bóng đá Hải Phòng
Nguyễn Quang Hải (sinh 1997),Câu lạc bộ bóng đá SHB Đà Nẵng
Nguyễn Quang Hải (sinh 1997),Câu lạc bộ bóng đá Sài Gòn
Nguyễn Quang Hải (sinh 1997),Câu lạc bộ bóng đá Than Quảng Ninh
Nguyễn Quang Hải (sinh 1997),Câu lạc bộ bóng đá Thanh Hoá
Nguyễn Quang Hải (sinh 1997),Câu lạc bộ bóng đá Thép Xanh Nam Định
Nguyễn Quang Hải (sinh 1997),Câu lạc bộ bóng đá Viettel
Nguyễn Quang Hải (sinh 1997),Câu lạc bộ bóng đá Đông Á Thanh Hóa
Nguyễn Quang Hải (sinh 1997),Cúp AFC
Nguyễn Quang Hải (sinh 1997),Cúp AFC 2017
Nguyễn Quang Hải (sinh 1997),Cúp AFC 2019
Nguyễn Quang Hải (sinh 1997),Cúp Nhà vua (Thái Lan)
Nguyễn Quang Hải (sinh 1997),Cúp Nhà vua Thái Lan 2019
Nguyễn Quang Hải (sinh 1997),Cúp bóng đá Hassanal Bolkiah
Nguyễn Quang Hải (sinh 1997),Cúp bóng đá U-23 châu Á
Nguyễn Quang Hải (sinh 1997),Cúp bóng đá châu Á
Nguyễn Quang Hải (sinh 1997),Cúp bóng đá châu Á 2019
Nguyễn Quang Hải (sinh 1997),Cúp bóng đá châu Á 2023
Nguyễn Quang Hải (sinh 1997),Cúp bóng đá châu Á 2023 (Bảng D)
Nguyễn Quang Hải (sinh 1997),Cầu thủ bóng đá
Nguyễn Quang Hải (sinh 1997),Cầu thủ bóng đá xuất sắc nhất châu Á
Nguyễn Quang Hải (sinh 1997),Didier Tholot
Nguyễn Quang Hải (sinh 1997),Dijon FCO
Nguyễn Quang Hải (sinh 1997),Doãn Ngọc Tân
Nguyễn Quang Hải (sinh 1997),Dubai
Nguyễn Quang Hải (sinh 1997),Dân trí (báo)
Nguyễn Quang Hải (sinh 1997),Dương Hồng Sơn
Nguyễn Quang Hải (sinh 1997),ESPN
Nguyễn Quang Hải (sinh 1997),Eddy Sylvestre
Nguyễn Quang Hải (sinh 1997),En Avant de Guingamp
Nguyễn Quang Hải (sinh 1997),Facebook
Nguyễn Quang Hải (sinh 1997),Filip Nguyễn
Nguyễn Quang Hải (sinh 1997),Giáp Tuấn Dương
Nguyễn Quang Hải (sinh 1997),Giải bóng đá Cúp Quốc gia
Nguyễn Quang Hải (sinh 1997),Giải bóng đá Cúp Quốc gia 2016
Nguyễn Quang Hải (sinh 1997),Giải bóng đá Cúp Quốc gia 2019
Nguyễn Quang Hải (sinh 1997),Giải bóng đá Cúp Quốc gia 2020
Nguyễn Quang Hải (sinh 1997),Giải bóng đá Cúp Quốc gia 2022
Nguyễn Quang Hải (sinh 1997),Giải bóng đá Cúp Quốc gia 2023
Nguyễn Quang Hải (sinh 1997),Giải bóng đá Cúp Quốc gia 2024–25
Nguyễn Quang Hải (sinh 1997),Giải bóng đá Cúp Quốc gia Việt Nam
Nguyễn Quang Hải (sinh 1997),Giải bóng đá Hạng Nhất Quốc gia 2015
Nguyễn Quang Hải (sinh 1997),Giải bóng đá Hạng Nhất Quốc gia Việt Nam
Nguyễn Quang Hải (sinh 1997),Giải bóng đá U-21 quốc gia (Việt Nam)
Nguyễn Quang Hải (sinh 1997),Giải bóng đá U17 Quốc gia Việt Nam 2014
Nguyễn Quang Hải (sinh 1997),Giải bóng đá U19 quốc gia 2013
Nguyễn Quang Hải (sinh 1997),Giải bóng đá U19 quốc gia 2014
Nguyễn Quang Hải (sinh 1997),Giải bóng đá U19 quốc gia 2016
Nguyễn Quang Hải (sinh 1997),Giải bóng đá U21 quốc gia
Nguyễn Quang Hải (sinh 1997),Giải bóng đá U21 quốc gia 2013
Nguyễn Quang Hải (sinh 1997),Giải bóng đá U21 quốc gia 2015
Nguyễn Quang Hải (sinh 1997),Giải bóng đá U21 quốc gia 2016
Nguyễn Quang Hải (sinh 1997),Giải bóng đá Vô địch Quốc gia 2018
Nguyễn Quang Hải (sinh 1997),Giải bóng đá Vô địch Quốc gia 2019
Nguyễn Quang Hải (sinh 1997),Giải bóng đá Vô địch Quốc gia 2020
Nguyễn Quang Hải (sinh 1997),Giải bóng đá Vô địch Quốc gia 2021
Nguyễn Quang Hải (sinh 1997),Giải bóng đá Vô địch Quốc gia 2023
Nguyễn Quang Hải (sinh 1997),Giải bóng đá Vô địch Quốc gia 2023–24
Nguyễn Quang Hải (sinh 1997),Giải bóng đá Vô địch Quốc gia 2024–25
Nguyễn Quang Hải (sinh 1997),Giải bóng đá Vô địch Quốc gia Việt Nam
Nguyễn Quang Hải (sinh 1997),Giải bóng đá Vô địch U-19 Quốc gia Việt Nam
Nguyễn Quang Hải (sinh 1997),Giải bóng đá giao hữu quốc tế – Hưng Thịnh 2022
Nguyễn Quang Hải (sinh 1997),Giải bóng đá hạng nhất quốc gia (Việt Nam)
Nguyễn Quang Hải (sinh 1997),Giải bóng đá hạng nhất quốc gia 2015
Nguyễn Quang Hải (sinh 1997),Giải bóng đá hạng nhất quốc gia Pháp
Nguyễn Quang Hải (sinh 1997),Giải bóng đá vô địch quốc gia 2016
Nguyễn Quang Hải (sinh 1997),Giải bóng đá vô địch quốc gia 2017
Nguyễn Quang Hải (sinh 1997),Giải bóng đá vô địch quốc gia 2018
Nguyễn Quang Hải (sinh 1997),Giải bóng đá vô địch quốc gia 2019
Nguyễn Quang Hải (sinh 1997),Giải bóng đá vô địch quốc gia 2020
Nguyễn Quang Hải (sinh 1997),Giải bóng đá vô địch quốc gia 2021
Nguyễn Quang Hải (sinh 1997),Giải bóng đá vô địch quốc gia 2022
Nguyễn Quang Hải (sinh 1997),Giải bóng đá vô địch quốc gia Việt Nam
Nguyễn Quang Hải (sinh 1997),Giải vô địch bóng đá ASEAN 2024
Nguyễn Quang Hải (sinh 1997),Giải vô địch bóng đá U-19 châu Á 2016
Nguyễn Quang Hải (sinh 1997),Giải vô địch bóng đá U-19 Đông Nam Á
Nguyễn Quang Hải (sinh 1997),Giải vô địch bóng đá U-19 Đông Nam Á 2014
Nguyễn Quang Hải (sinh 1997),Giải vô địch bóng đá U-19 Đông Nam Á 2015
Nguyễn Quang Hải (sinh 1997),Giải vô địch bóng đá U-20 thế giới 2017
Nguyễn Quang Hải (sinh 1997),Giải vô địch bóng đá U-23 châu Á
Nguyễn Quang Hải (sinh 1997),Giải vô địch bóng đá U-23 châu Á 2018
Nguyễn Quang Hải (sinh 1997),Giải vô địch bóng đá U-23 châu Á 2020
Nguyễn Quang Hải (sinh 1997),Giải vô địch bóng đá U19 Đông Nam Á 2014
Nguyễn Quang Hải (sinh 1997),Giải vô địch bóng đá U19 Đông Nam Á 2015
Nguyễn Quang Hải (sinh 1997),Giải vô địch bóng đá U19 Đông Nam Á 2016
Nguyễn Quang Hải (sinh 1997),Giải vô địch bóng đá các câu lạc bộ ASEAN
Nguyễn Quang Hải (sinh 1997),Giải vô địch bóng đá các câu lạc bộ ASEAN 2024–25
Nguyễn Quang Hải (sinh 1997),Giải vô địch bóng đá Đông Nam Á
Nguyễn Quang Hải (sinh 1997),Giải vô địch bóng đá Đông Nam Á 2008
Nguyễn Quang Hải (sinh 1997),Giải vô địch bóng đá Đông Nam Á 2018
Nguyễn Quang Hải (sinh 1997),Giải vô địch bóng đá Đông Nam Á 2020
Nguyễn Quang Hải (sinh 1997),Giải vô địch bóng đá Đông Nam Á 2022
Nguyễn Quang Hải (sinh 1997),Guillaume Graechen
Nguyễn Quang Hải (sinh 1997),Hoàng Anh Tuấn (huấn luyện viên bóng đá)
Nguyễn Quang Hải (sinh 1997),Hoàng Trung Anh
Nguyễn Quang Hải (sinh 1997),Hoàng Văn Toản
Nguyễn Quang Hải (sinh 1997),Huân chương Lao động
Nguyễn Quang Hải (sinh 1997),Huỳnh Quốc Anh
Nguyễn Quang Hải (sinh 1997),Huỳnh Tấn Sinh
Nguyễn Quang Hải (sinh 1997),Hà Mạnh Trường
Nguyễn Quang Hải (sinh 1997),Hà Nội
Nguyễn Quang Hải (sinh 1997),Hà Nội T&T
Nguyễn Quang Hải (sinh 1997),Hà Văn Phương
Nguyễn Quang Hải (sinh 1997),Hà Đức Chinh
Nguyễn Quang Hải (sinh 1997),Hànộimới
Nguyễn Quang Hải (sinh 1997),Hồ Ngọc Thắng
Nguyễn Quang Hải (sinh 1997),Hồ Tấn Tài
Nguyễn Quang Hải (sinh 1997),Hội Liên hiệp Thanh niên Việt Nam
Nguyễn Quang Hải (sinh 1997),Jeferson Elias
Nguyễn Quang Hải (sinh 1997),Khuất Văn Khang
Nguyễn Quang Hải (sinh 1997),Kim Sang-sik
Nguyễn Quang Hải (sinh 1997),Kitchee SC
Nguyễn Quang Hải (sinh 1997),Ligue 2
Nguyễn Quang Hải (sinh 1997),Ligue 2 2022–23
Nguyễn Quang Hải (sinh 1997),Liên đoàn bóng đá ASEAN
Nguyễn Quang Hải (sinh 1997),Lào
Nguyễn Quang Hải (sinh 1997),Lê Công Vinh
Nguyễn Quang Hải (sinh 1997),Lê Huỳnh Đức
Nguyễn Quang Hải (sinh 1997),Lê Ngọc Bảo
Nguyễn Quang Hải (sinh 1997),Lê Phạm Thành Long
Nguyễn Quang Hải (sinh 1997),Lê Văn Đô
Nguyễn Quang Hải (sinh 1997),Lê Văn Đại
Nguyễn Quang Hải (sinh 1997),Lương Xuân Trường
Nguyễn Quang Hải (sinh 1997),Lục Xuân Hưng
Nguyễn Quang Hải (sinh 1997),M-150 Cup 2017
Nguyễn Quang Hải (sinh 1997),Mai Đức Chung
Nguyễn Quang Hải (sinh 1997),Malaysia
Nguyễn Quang Hải (sinh 1997),Mrsool Park
Nguyễn Quang Hải (sinh 1997),Mạng xã hội ảo
Nguyễn Quang Hải (sinh 1997),Nguyễn Anh Đức
Nguyễn Quang Hải (sinh 1997),Nguyễn Công Phượng
Nguyễn Quang Hải (sinh 1997),Nguyễn Filip
Nguyễn Quang Hải (sinh 1997),Nguyễn Hai Long
Nguyễn Quang Hải (sinh 1997),Nguyễn Hoàng Đức
Nguyễn Quang Hải (sinh 1997),Nguyễn Hoàng Đức (cầu thủ bóng đá)
Nguyễn Quang Hải (sinh 1997),Nguyễn Huy Hùng
Nguyễn Quang Hải (sinh 1997),Nguyễn Hồng Sơn
Nguyễn Quang Hải (sinh 1997),Nguyễn Hữu Thắng (cầu thủ bóng đá sinh 1972)
Nguyễn Quang Hải (sinh 1997),Nguyễn Minh Phương (cầu thủ bóng đá)
Nguyễn Quang Hải (sinh 1997),Nguyễn Phong Hồng Duy
Nguyễn Quang Hải (sinh 1997),Nguyễn Quang Hải
Nguyễn Quang Hải (sinh 1997),"Nguyễn Thanh Bình (cầu thủ bóng đá, sinh 2000)"
Nguyễn Quang Hải (sinh 1997),Nguyễn Thành Chung
Nguyễn Quang Hải (sinh 1997),Nguyễn Tiến Linh
Nguyễn Quang Hải (sinh 1997),Nguyễn Trọng Hoàng
Nguyễn Quang Hải (sinh 1997),Nguyễn Trọng Hùng
Nguyễn Quang Hải (sinh 1997),Nguyễn Trọng Long
Nguyễn Quang Hải (sinh 1997),Nguyễn Trọng Đại
Nguyễn Quang Hải (sinh 1997),Nguyễn Tuấn Mạnh
Nguyễn Quang Hải (sinh 1997),Nguyễn Văn Hoàng (cầu thủ bóng đá)
Nguyễn Quang Hải (sinh 1997),Nguyễn Văn Quyết
Nguyễn Quang Hải (sinh 1997),Nguyễn Văn Toàn (cầu thủ bóng đá)
Nguyễn Quang Hải (sinh 1997),Nguyễn Văn Toản
Nguyễn Quang Hải (sinh 1997),Nguyễn Văn Vĩ
Nguyễn Quang Hải (sinh 1997),Nguyễn Văn Đức (cầu thủ bóng đá)
Nguyễn Quang Hải (sinh 1997),Nguyễn Xuân Phúc
Nguyễn Quang Hải (sinh 1997),Nguyễn Xuân Son
Nguyễn Quang Hải (sinh 1997),Nguyễn Đình Triệu
Nguyễn Quang Hải (sinh 1997),Nguyễn Đức Chiến
Nguyễn Quang Hải (sinh 1997),Nhà nước Cộng hòa xã hội chủ nghĩa Việt Nam
Nguyễn Quang Hải (sinh 1997),Nhật Bản
Nguyễn Quang Hải (sinh 1997),Park Hang-seo
Nguyễn Quang Hải (sinh 1997),Pau FC
Nguyễn Quang Hải (sinh 1997),Phan Thanh Hùng
Nguyễn Quang Hải (sinh 1997),Phan Văn Tài Em
Nguyễn Quang Hải (sinh 1997),Phan Văn Đức
Nguyễn Quang Hải (sinh 1997),Philippe Troussier
Nguyễn Quang Hải (sinh 1997),Phnôm Pênh
Nguyễn Quang Hải (sinh 1997),Pháp
Nguyễn Quang Hải (sinh 1997),Phú Thọ
Nguyễn Quang Hải (sinh 1997),Phạm Minh Phúc
Nguyễn Quang Hải (sinh 1997),Phạm Thành Lương
Nguyễn Quang Hải (sinh 1997),Phạm Tuấn Hải (cầu thủ bóng đá)
Nguyễn Quang Hải (sinh 1997),Phạm Văn Luân
Nguyễn Quang Hải (sinh 1997),Phạm Văn Quyến
Nguyễn Quang Hải (sinh 1997),Phạm Xuân Mạnh
Nguyễn Quang Hải (sinh 1997),Phạm Đức Huy
Nguyễn Quang Hải (sinh 1997),Phạt đền (bóng đá)
Nguyễn Quang Hải (sinh 1997),Qatar
Nguyễn Quang Hải (sinh 1997),Quả bóng vàng Việt Nam
Nguyễn Quang Hải (sinh 1997),Quế Ngọc Hải
Nguyễn Quang Hải (sinh 1997),Rafaelson
Nguyễn Quang Hải (sinh 1997),Riyadh
Nguyễn Quang Hải (sinh 1997),Rodez AF
Nguyễn Quang Hải (sinh 1997),Singapore
Nguyễn Quang Hải (sinh 1997),Siêu cúp Bóng đá Quốc gia 2018
Nguyễn Quang Hải (sinh 1997),Siêu cúp Bóng đá Quốc gia 2025
Nguyễn Quang Hải (sinh 1997),Siêu cúp bóng đá Việt Nam
Nguyễn Quang Hải (sinh 1997),Siêu cúp bóng đá Việt Nam 2019
Nguyễn Quang Hải (sinh 1997),Siêu cúp bóng đá Việt Nam 2020
Nguyễn Quang Hải (sinh 1997),Sân vận động Al Maktoum
Nguyễn Quang Hải (sinh 1997),Sân vận động Bishan
Nguyễn Quang Hải (sinh 1997),Sân vận động Gò Đậu
Nguyễn Quang Hải (sinh 1997),Sân vận động Hazza bin Zayed
Nguyễn Quang Hải (sinh 1997),Sân vận động Hàng Đẫy
Nguyễn Quang Hải (sinh 1997),Sân vận động Jassim bin Hamad
Nguyễn Quang Hải (sinh 1997),Sân vận động Olympic Phnôm Pênh
Nguyễn Quang Hải (sinh 1997),Sân vận động Quốc gia Lào mới
Nguyễn Quang Hải (sinh 1997),Sân vận động Quốc gia Mỹ Đình
Nguyễn Quang Hải (sinh 1997),Sân vận động Rajamangala
Nguyễn Quang Hải (sinh 1997),Sân vận động Việt Trì
Nguyễn Quang Hải (sinh 1997),Thái Lan
Nguyễn Quang Hải (sinh 1997),Thủ tướng Chính phủ nước Cộng hòa xã hội chủ nghĩa Việt Nam
Nguyễn Quang Hải (sinh 1997),Tiền vệ cánh
Nguyễn Quang Hải (sinh 1997),Tiền vệ tấn công
Nguyễn Quang Hải (sinh 1997),Triệu Việt Hưng
Nguyễn Quang Hải (sinh 1997),Trương Tiến Anh
Nguyễn Quang Hải (sinh 1997),Trương Văn Thiết
Nguyễn Quang Hải (sinh 1997),Trương Văn Thái Quý
Nguyễn Quang Hải (sinh 1997),Trần Công Minh
Nguyễn Quang Hải (sinh 1997),Trần Thanh Sơn
Nguyễn Quang Hải (sinh 1997),Trần Trung Kiên
Nguyễn Quang Hải (sinh 1997),Trần Đình Trọng
Nguyễn Quang Hải (sinh 1997),Tuổi Trẻ (báo)
Nguyễn Quang Hải (sinh 1997),UAE
Nguyễn Quang Hải (sinh 1997),V-League 2017
Nguyễn Quang Hải (sinh 1997),V-League 2018
Nguyễn Quang Hải (sinh 1997),V-League 2019
Nguyễn Quang Hải (sinh 1997),V-League 2023
Nguyễn Quang Hải (sinh 1997),V-League 2023-24
Nguyễn Quang Hải (sinh 1997),V.League 1
Nguyễn Quang Hải (sinh 1997),V.League 2
Nguyễn Quang Hải (sinh 1997),VFF Cup
Nguyễn Quang Hải (sinh 1997),VOV
Nguyễn Quang Hải (sinh 1997),Vietnam+
Nguyễn Quang Hải (sinh 1997),Vinaphone Cup 2018
Nguyễn Quang Hải (sinh 1997),Viêng Chăn
Nguyễn Quang Hải (sinh 1997),Việt Nam
Nguyễn Quang Hải (sinh 1997),Vòng loại Asian Cup 2027
Nguyễn Quang Hải (sinh 1997),Vòng loại Cúp bóng đá châu Á 2019 (Vòng 3)
Nguyễn Quang Hải (sinh 1997),Vòng loại Giải vô địch bóng đá thế giới 2022 – Khu vực châu Á
Nguyễn Quang Hải (sinh 1997),Vòng loại Giải vô địch bóng đá thế giới 2022 – Khu vực châu Á (Vòng 2)
Nguyễn Quang Hải (sinh 1997),Vòng loại Giải vô địch bóng đá thế giới 2022 – Khu vực châu Á (Vòng 3)
Nguyễn Quang Hải (sinh 1997),Vòng loại Giải vô địch bóng đá thế giới 2026 – Khu vực châu Á
Nguyễn Quang Hải (sinh 1997),Vòng loại giải vô địch bóng đá U-16 châu Á 2012
Nguyễn Quang Hải (sinh 1997),Vòng loại giải vô địch bóng đá U-23 châu Á 2020
Nguyễn Quang Hải (sinh 1997),Võ Hoàng Bửu
Nguyễn Quang Hải (sinh 1997),Võ Văn Hạnh
Nguyễn Quang Hải (sinh 1997),Vũ Lỗi
Nguyễn Quang Hải (sinh 1997),Vũ Văn Thanh
Nguyễn Quang Hải (sinh 1997),Xuân Nộn
Nguyễn Quang Hải (sinh 1997),Yamaha
Nguyễn Quang Hải (sinh 1997),Znews
Nguyễn Quang Hải (sinh 1997),Đinh Thanh Bình
Nguyễn Quang Hải (sinh 1997),Đinh Thanh Trung
Nguyễn Quang Hải (sinh 1997),Đoàn Văn Hậu
Nguyễn Quang Hải (sinh 1997),Đông Anh
Nguyễn Quang Hải (sinh 1997),Đại hội Thể thao Đông Nam Á
Nguyễn Quang Hải (sinh 1997),Đặng Ngọc Tuấn
Nguyễn Quang Hải (sinh 1997),Đặng Văn Lâm
Nguyễn Quang Hải (sinh 1997),Đỗ Duy Mạnh
Nguyễn Quang Hải (sinh 1997),Đỗ Hùng Dũng
Nguyễn Quang Hải (sinh 1997),Đỗ Sỹ Huy
Nguyễn Quang Hải (sinh 1997),Đỗ Thanh Thịnh
Nguyễn Quang Hải (sinh 1997),Đội trưởng (bóng đá)
Nguyễn Quang Hải (sinh 1997),Đội tuyển bóng đá U-16 quốc gia Việt Nam
Nguyễn Quang Hải (sinh 1997),Đội tuyển bóng đá U-17 quốc gia Việt Nam
Nguyễn Quang Hải (sinh 1997),Đội tuyển bóng đá U-19 quốc gia Việt Nam
Nguyễn Quang Hải (sinh 1997),Đội tuyển bóng đá U-20 quốc gia Honduras
Nguyễn Quang Hải (sinh 1997),Đội tuyển bóng đá U-20 quốc gia Nhật Bản
Nguyễn Quang Hải (sinh 1997),Đội tuyển bóng đá U-20 quốc gia Thái Lan
Nguyễn Quang Hải (sinh 1997),Đội tuyển bóng đá U-20 quốc gia Việt Nam
Nguyễn Quang Hải (sinh 1997),Đội tuyển bóng đá U-22 quốc gia Campuchia
Nguyễn Quang Hải (sinh 1997),Đội tuyển bóng đá U-22 quốc gia Việt Nam
Nguyễn Quang Hải (sinh 1997),Đội tuyển bóng đá U-23 quốc gia Các Tiểu vương quốc Ả Rập Thống nhất
Nguyễn Quang Hải (sinh 1997),Đội tuyển bóng đá U-23 quốc gia Cộng hòa Dân chủ Nhân dân Triều Tiên
Nguyễn Quang Hải (sinh 1997),Đội tuyển bóng đá U-23 quốc gia Hàn Quốc
Nguyễn Quang Hải (sinh 1997),Đội tuyển bóng đá U-23 quốc gia Indonesia
Nguyễn Quang Hải (sinh 1997),Đội tuyển bóng đá U-23 quốc gia Iraq
Nguyễn Quang Hải (sinh 1997),Đội tuyển bóng đá U-23 quốc gia Jordan
Nguyễn Quang Hải (sinh 1997),Đội tuyển bóng đá U-23 quốc gia Malaysia
Nguyễn Quang Hải (sinh 1997),Đội tuyển bóng đá U-23 quốc gia Myanmar
Nguyễn Quang Hải (sinh 1997),Đội tuyển bóng đá U-23 quốc gia Nhật Bản
Nguyễn Quang Hải (sinh 1997),Đội tuyển bóng đá U-23 quốc gia Palestine
Nguyễn Quang Hải (sinh 1997),Đội tuyển bóng đá U-23 quốc gia Qatar
Nguyễn Quang Hải (sinh 1997),Đội tuyển bóng đá U-23 quốc gia Singapore
Nguyễn Quang Hải (sinh 1997),Đội tuyển bóng đá U-23 quốc gia Thái Lan
Nguyễn Quang Hải (sinh 1997),Đội tuyển bóng đá U-23 quốc gia Uzbekistan
Nguyễn Quang Hải (sinh 1997),Đội tuyển bóng đá U-23 quốc gia Việt Nam
Nguyễn Quang Hải (sinh 1997),Đội tuyển bóng đá U-23 quốc gia Úc
Nguyễn Quang Hải (sinh 1997),Đội tuyển bóng đá quốc gia Campuchia
Nguyễn Quang Hải (sinh 1997),Đội tuyển bóng đá quốc gia Curaçao
Nguyễn Quang Hải (sinh 1997),Đội tuyển bóng đá quốc gia Indonesia
Nguyễn Quang Hải (sinh 1997),Đội tuyển bóng đá quốc gia Iraq
Nguyễn Quang Hải (sinh 1997),Đội tuyển bóng đá quốc gia Jordan
Nguyễn Quang Hải (sinh 1997),Đội tuyển bóng đá quốc gia Lào
Nguyễn Quang Hải (sinh 1997),Đội tuyển bóng đá quốc gia Malaysia
Nguyễn Quang Hải (sinh 1997),Đội tuyển bóng đá quốc gia Myanmar
Nguyễn Quang Hải (sinh 1997),Đội tuyển bóng đá quốc gia Nhật Bản
Nguyễn Quang Hải (sinh 1997),Đội tuyển bóng đá quốc gia Philippines
Nguyễn Quang Hải (sinh 1997),Đội tuyển bóng đá quốc gia Thái Lan
Nguyễn Quang Hải (sinh 1997),Đội tuyển bóng đá quốc gia Trung Quốc
Nguyễn Quang Hải (sinh 1997),Đội tuyển bóng đá quốc gia Việt Nam
Nguyễn Quang Hải (sinh 1997),Đội tuyển bóng đá quốc gia Yemen
Nguyễn Quang Hải (sinh 1997),Đội tuyển bóng đá quốc gia Ả Rập Xê Út
Nguyễn Quang Hải (sinh 1997),Đội tuyển bóng đá quốc gia Ấn Độ
Nguyễn Quang Hải (sinh 1997),Ả Rập Xê Út
Nguyễn Quang Hải (sinh 1997),Wikipedia:Quy định khóa trang
Nguyễn Quang Hải (sinh 1997),Bản mẫu:Chú thích web
Nguyễn Quang Hải (sinh 1997),Bản mẫu:Quả bóng vàng Việt Nam
Nguyễn Quang Hải (sinh 1997),Bản mẫu:Đội hình U-22 Việt Nam tại Đại hội Thể thao Đông Nam Á 2019
Nguyễn Quang Hải (sinh 1997),Bản mẫu:Đội hình U-23 Việt Nam tại Giải vô địch bóng đá U-23 châu Á 2018
Nguyễn Quang Hải (sinh 1997),Bản mẫu:Đội hình câu lạc bộ bóng đá Công an Hà Nội (1956)
Nguyễn Quang Hải (sinh 1997),Bản mẫu:Đội tuyển bóng đá quốc gia Việt Nam tại AFF Suzuki Cup 2018
Nguyễn Quang Hải (sinh 1997),Bản mẫu:Đội tuyển bóng đá quốc gia Việt Nam tại ASEAN Championship 2024
Nguyễn Quang Hải (sinh 1997),Thảo luận Bản mẫu:Quả bóng vàng Việt Nam
Nguyễn Quang Hải (sinh 1997),Thảo luận Bản mẫu:Đội hình U-22 Việt Nam tại Đại hội Thể thao Đông Nam Á 2019
Nguyễn Quang Hải (sinh 1997),Thảo luận Bản mẫu:Đội hình U-23 Việt Nam tại Giải vô địch bóng đá U-23 châu Á 2018
Nguyễn Quang Hải (sinh 1997),Thảo luận Bản mẫu:Đội hình câu lạc bộ bóng đá Công an Hà Nội (1956)
Nguyễn Quang Hải (sinh 1997),Thảo luận Bản mẫu:Đội tuyển bóng đá quốc gia Việt Nam tại AFF Suzuki Cup 2018
Nguyễn Quang Hải (sinh 1997),Thảo luận Bản mẫu:Đội tuyển bóng đá quốc gia Việt Nam tại ASEAN Championship 2024
Nguyễn Quang Hải (sinh 1997),Trợ giúp:Lỗi CS1
Nguyễn Quang Hải (sinh 1997),Thể loại:Quản lý CS1: ngôn ngữ không rõ
Nguyễn Quang Hải (sinh 1997),Thể loại:Quản lý CS1: nhiều tên: danh sách tác giả
Nguyễn Quang Hải (sinh 1997),Thể loại:Quản lý CS1: tên số: danh sách tác giả
AFC Asian Cup 2019,2019 Liga 1
AFC Asian Cup 2019,A-League 2018-19
AFC Asian Cup 2019,A-League 2019-20
AFC Asian Cup 2019,AFC Champions League 2019
AFC Asian Cup 2019,AFC Cup 2019
AFC Asian Cup 2019,Abdelkarim Hassan
AFC Asian Cup 2019,Abdukhamidullo Rasulov
AFC Asian Cup 2019,Abdulaziz Hatem
AFC Asian Cup 2019,Abdulrahman Al-Jassim
AFC Asian Cup 2019,Abu Dhabi
AFC Asian Cup 2019,Adham Makhadmeh
AFC Asian Cup 2019,Afghan Premier League 2019
AFC Asian Cup 2019,Afghanistan
AFC Asian Cup 2019,Ahmad Ersan
AFC Asian Cup 2019,Ahmed Al-Kaf
AFC Asian Cup 2019,Ahmed Khalil
AFC Asian Cup 2019,Ahmed Mubarak Al-Mahaijri
AFC Asian Cup 2019,"Ahmed Samir (cầu thủ bóng đá, sinh năm 1991)"
AFC Asian Cup 2019,Ahmet Ataýew
AFC Asian Cup 2019,Akhlidin Israilov
AFC Asian Cup 2019,Akram Afif
AFC Asian Cup 2019,Al Ain
AFC Asian Cup 2019,Al Muthabara Cup 2019
AFC Asian Cup 2019,Alaa Abbas
AFC Asian Cup 2019,Albania
AFC Asian Cup 2019,Ali Adnan Kadhim
AFC Asian Cup 2019,Ali Daei
AFC Asian Cup 2019,Ali Faez
AFC Asian Cup 2019,Ali Mabkhout
AFC Asian Cup 2019,Ali Sabah
AFC Asian Cup 2019,Alireza Beiranvand
AFC Asian Cup 2019,Alireza Faghani
AFC Asian Cup 2019,Alireza Jahanbakhsh
AFC Asian Cup 2019,Almoez Ali
AFC Asian Cup 2019,Altymyrat Annadurdyýew
AFC Asian Cup 2019,Ammar Al-Jeneibi
AFC Asian Cup 2019,Anas Bani Yaseen
AFC Asian Cup 2019,Anh
AFC Asian Cup 2019,Anirudh Thapa
AFC Asian Cup 2019,Apostolos Giannou
AFC Asian Cup 2019,Arslanmyrat Amanow
AFC Asian Cup 2019,Ashkan Dejagah
AFC Asian Cup 2019,Asian Football Confederation
AFC Asian Cup 2019,Assim Madibo
AFC Asian Cup 2019,Awer Mabil
AFC Asian Cup 2019,Aziz Behich
AFC Asian Cup 2019,BTV News
AFC Asian Cup 2019,Baha' Abdel-Rahman
AFC Asian Cup 2019,Baha' Faisal
AFC Asian Cup 2019,Bahrain
AFC Asian Cup 2019,Bahrain FA Cup 2018-19
AFC Asian Cup 2019,Bahrain FA Cup 2019-20
AFC Asian Cup 2019,Bahrain First Division League 2018-19
AFC Asian Cup 2019,Bahrain First Division League 2019-20
AFC Asian Cup 2019,Bahraini King's Cup 2018-19
AFC Asian Cup 2019,Bahraini King's Cup 2019-20
AFC Asian Cup 2019,Bahraini Super Cup 2019
AFC Asian Cup 2019,Bandar Al-Ahbabi
AFC Asian Cup 2019,Bangladesh Federation Cup 2019
AFC Asian Cup 2019,Bangladesh Football Premier League 2018-19
AFC Asian Cup 2019,Bangladesh Football Premier League 2019-20
AFC Asian Cup 2019,Bangladesh Independence Cup 2019
AFC Asian Cup 2019,Bashar Resan
AFC Asian Cup 2019,Bassam Al-Rawi
AFC Asian Cup 2019,BeIN Sports (French TV network)
AFC Asian Cup 2019,BeIN Sports (Mạng truyền hình Trung Đông)
AFC Asian Cup 2019,BeoutQ
AFC Asian Cup 2019,Bhutan National League 2019
AFC Asian Cup 2019,Bosna và Hercegovina
AFC Asian Cup 2019,Boualem Khoukhi
AFC Asian Cup 2019,Brunei
AFC Asian Cup 2019,Brunei FA Cup 2018-19
AFC Asian Cup 2019,Brunei FA Cup 2019-20
AFC Asian Cup 2019,Brunei Super League 2018-19
AFC Asian Cup 2019,Brunei Super League 2019-20
AFC Asian Cup 2019,Burj Khalifa
AFC Asian Cup 2019,Bóng đá năm 2019
AFC Asian Cup 2019,"Bùi Tiến Dũng (cầu thủ bóng đá, sinh năm 1995)"
AFC Asian Cup 2019,Bản quyền phát sóng Cúp bóng đá châu Á 2019
AFC Asian Cup 2019,Bảng xếp hạng bóng đá nam FIFA
AFC Asian Cup 2019,Bầu chọn chủ nhà Cúp bóng đá châu Á 2019
AFC Asian Cup 2019,Bắc Ireland
AFC Asian Cup 2019,CONCACAF
AFC Asian Cup 2019,CTFA Cup 2019
AFC Asian Cup 2019,Cambodian League 2019
AFC Asian Cup 2019,Campuchia
AFC Asian Cup 2019,Canada
AFC Asian Cup 2019,Cao Lâm
AFC Asian Cup 2019,Chanathip Songkrasin
AFC Asian Cup 2019,Channel 7 (Thái Lan)
AFC Asian Cup 2019,Chinese FA Cup 2019
AFC Asian Cup 2019,Chinese FA Super Cup 2019
AFC Asian Cup 2019,Chinese Super League 2019
AFC Asian Cup 2019,Chris Beath
AFC Asian Cup 2019,Chris Ikonomidis
AFC Asian Cup 2019,Chung kết AFC Champions League 2019
AFC Asian Cup 2019,Chung kết AFC Cup 2019
AFC Asian Cup 2019,Chung kết cúp bóng đá châu Á 1972
AFC Asian Cup 2019,Chung kết cúp bóng đá châu Á 1976
AFC Asian Cup 2019,Chung kết cúp bóng đá châu Á 1980
AFC Asian Cup 2019,Chung kết cúp bóng đá châu Á 1984
AFC Asian Cup 2019,Chung kết cúp bóng đá châu Á 1988
AFC Asian Cup 2019,Chung kết cúp bóng đá châu Á 1992
AFC Asian Cup 2019,Chung kết cúp bóng đá châu Á 1996
AFC Asian Cup 2019,Chung kết cúp bóng đá châu Á 2000
AFC Asian Cup 2019,Chung kết cúp bóng đá châu Á 2004
AFC Asian Cup 2019,Chung kết cúp bóng đá châu Á 2007
AFC Asian Cup 2019,Chung kết cúp bóng đá châu Á 2011
AFC Asian Cup 2019,Chung kết cúp bóng đá châu Á 2015
AFC Asian Cup 2019,Chung kết cúp bóng đá châu Á 2019
AFC Asian Cup 2019,Chung kết cúp bóng đá châu Á 2023
AFC Asian Cup 2019,Copa Paulino Alcantara 2019
AFC Asian Cup 2019,Croatia
AFC Asian Cup 2019,Các Tiểu vương quốc Ả Rập Thống nhất
AFC Asian Cup 2019,César Arturo Ramos
AFC Asian Cup 2019,Cúp FA Hàn Quốc 2019
AFC Asian Cup 2019,Cúp bóng đá Mông Cổ 2019
AFC Asian Cup 2019,Cúp bóng đá Vùng vịnh Ả Rập lần thứ 24
AFC Asian Cup 2019,Cúp bóng đá châu Á
AFC Asian Cup 2019,Cúp bóng đá châu Á 1956
AFC Asian Cup 2019,Cúp bóng đá châu Á 1960
AFC Asian Cup 2019,Cúp bóng đá châu Á 1964
AFC Asian Cup 2019,Cúp bóng đá châu Á 1968
AFC Asian Cup 2019,Cúp bóng đá châu Á 1972
AFC Asian Cup 2019,Cúp bóng đá châu Á 1976
AFC Asian Cup 2019,Cúp bóng đá châu Á 1980
AFC Asian Cup 2019,Cúp bóng đá châu Á 1984
AFC Asian Cup 2019,Cúp bóng đá châu Á 1988
AFC Asian Cup 2019,Cúp bóng đá châu Á 1992
AFC Asian Cup 2019,Cúp bóng đá châu Á 1996
AFC Asian Cup 2019,Cúp bóng đá châu Á 2000
AFC Asian Cup 2019,Cúp bóng đá châu Á 2004
AFC Asian Cup 2019,Cúp bóng đá châu Á 2007
AFC Asian Cup 2019,Cúp bóng đá châu Á 2011
AFC Asian Cup 2019,Cúp bóng đá châu Á 2015
AFC Asian Cup 2019,Cúp bóng đá châu Á 2019 (Bảng A)
AFC Asian Cup 2019,Cúp bóng đá châu Á 2019 (Bảng B)
AFC Asian Cup 2019,Cúp bóng đá châu Á 2019 (Bảng C)
AFC Asian Cup 2019,Cúp bóng đá châu Á 2019 (Bảng D)
AFC Asian Cup 2019,Cúp bóng đá châu Á 2019 (Bảng E)
AFC Asian Cup 2019,Cúp bóng đá châu Á 2019 (Bảng F)
AFC Asian Cup 2019,Cúp bóng đá châu Á 2019 (vòng đấu loại trực tiếp)
AFC Asian Cup 2019,Cúp bóng đá châu Á 2023
AFC Asian Cup 2019,Cúp bóng đá châu Á 2027
AFC Asian Cup 2019,Cúp bóng đá vô địch câu lạc bộ Ả Rập 2018-19
AFC Asian Cup 2019,Cúp bóng đá vô địch câu lạc bộ Ả Rập 2019-20
AFC Asian Cup 2019,Cầu thủ bóng đá
AFC Asian Cup 2019,Cộng hòa Macedonia
AFC Asian Cup 2019,DPR Korea Premier Football League 2018-19
AFC Asian Cup 2019,DPR Korea Premier Football League 2019-20
AFC Asian Cup 2019,Danh sách bài hát và nhạc hiệu của Cúp bóng đá châu Á
AFC Asian Cup 2019,Danh sách các hat-trick của Cúp bóng đá châu Á
AFC Asian Cup 2019,Danh sách cầu thủ ghi bàn của Cúp bóng đá châu Á
AFC Asian Cup 2019,Danh sách cầu thủ tham dự Cúp bóng đá châu Á 1956
AFC Asian Cup 2019,Danh sách cầu thủ tham dự Cúp bóng đá châu Á 1960
AFC Asian Cup 2019,Danh sách cầu thủ tham dự Cúp bóng đá châu Á 1964
AFC Asian Cup 2019,Danh sách cầu thủ tham dự Cúp bóng đá châu Á 1968
AFC Asian Cup 2019,Danh sách cầu thủ tham dự Cúp bóng đá châu Á 1972
AFC Asian Cup 2019,Danh sách cầu thủ tham dự Cúp bóng đá châu Á 1976
AFC Asian Cup 2019,Danh sách cầu thủ tham dự Cúp bóng đá châu Á 1980
AFC Asian Cup 2019,Danh sách cầu thủ tham dự Cúp bóng đá châu Á 1984
AFC Asian Cup 2019,Danh sách cầu thủ tham dự Cúp bóng đá châu Á 1988
AFC Asian Cup 2019,Danh sách cầu thủ tham dự Cúp bóng đá châu Á 1992
AFC Asian Cup 2019,Danh sách cầu thủ tham dự Cúp bóng đá châu Á 1996
AFC Asian Cup 2019,Danh sách cầu thủ tham dự Cúp bóng đá châu Á 2000
AFC Asian Cup 2019,Danh sách cầu thủ tham dự Cúp bóng đá châu Á 2004
AFC Asian Cup 2019,Danh sách cầu thủ tham dự Cúp bóng đá châu Á 2007
AFC Asian Cup 2019,Danh sách cầu thủ tham dự Cúp bóng đá châu Á 2011
AFC Asian Cup 2019,Danh sách cầu thủ tham dự Cúp bóng đá châu Á 2015
AFC Asian Cup 2019,Danh sách cầu thủ tham dự Cúp bóng đá châu Á 2019
AFC Asian Cup 2019,Danh sách cầu thủ tham dự Cúp bóng đá châu Á 2023
AFC Asian Cup 2019,Danh sách quả bóng thi đấu chính thức của Cúp bóng đá châu Á
AFC Asian Cup 2019,Danh sách trận chung kết Cúp bóng đá châu Á
AFC Asian Cup 2019,Danny Makkelie
AFC Asian Cup 2019,Dhivehi Premier League 2019
AFC Asian Cup 2019,Doan Ritsu
AFC Asian Cup 2019,Dubai
AFC Asian Cup 2019,Durand Cup 2019
AFC Asian Cup 2019,ESPN5
AFC Asian Cup 2019,Egor Krimets
AFC Asian Cup 2019,Eldor Shomurodov
AFC Asian Cup 2019,Emir of Qatar Cup 2019
AFC Asian Cup 2019,Emperor's Cup 2019
AFC Asian Cup 2019,FFA Cup 2019
AFC Asian Cup 2019,Fahad Al-Muwallad
AFC Asian Cup 2019,Felix Michel Melki
AFC Asian Cup 2019,GCC Champions League 2019
AFC Asian Cup 2019,Gaza Strip Premier League 2018-19
AFC Asian Cup 2019,Gaza Strip Premier League 2019-20
AFC Asian Cup 2019,General Aung San Shield 2019
AFC Asian Cup 2019,Giải bóng đá Cúp Quốc gia 2019
AFC Asian Cup 2019,Giải bóng đá ngoại hạng Mông Cổ 2019
AFC Asian Cup 2019,Giải bóng đá vô địch quốc gia 2019
AFC Asian Cup 2019,Giải vô địch bóng đá châu Âu 2016
AFC Asian Cup 2019,Giải vô địch bóng đá câu lạc bộ khu vực sông Mê Kông 2019
AFC Asian Cup 2019,Giải vô địch bóng đá thế giới
AFC Asian Cup 2019,Giải vô địch bóng đá thế giới 1986
AFC Asian Cup 2019,Giải vô địch bóng đá thế giới 1990
AFC Asian Cup 2019,Giải vô địch bóng đá thế giới 1994
AFC Asian Cup 2019,Giải vô địch bóng đá Đông Á 2019
AFC Asian Cup 2019,Giờ chuẩn Vùng Vịnh
AFC Asian Cup 2019,Giờ chuẩn vùng Vịnh
AFC Asian Cup 2019,Gonda Shūichi
AFC Asian Cup 2019,Guam FA Cup 2019
AFC Asian Cup 2019,Guam Soccer League 2018-19
AFC Asian Cup 2019,Guam Soccer League 2019-20
AFC Asian Cup 2019,Gulf Cup Winners' Cup 2019
AFC Asian Cup 2019,Hamid Ismail
AFC Asian Cup 2019,Han Kwang-song
AFC Asian Cup 2019,Haraguchi Genki
AFC Asian Cup 2019,Hassan Al-Haydos
AFC Asian Cup 2019,Hassan Maatouk
AFC Asian Cup 2019,Hattan Bahebri
AFC Asian Cup 2019,Hazfi Cup 2018-19
AFC Asian Cup 2019,Hazfi Cup 2019-20
AFC Asian Cup 2019,Hettikamkanamge Perera
AFC Asian Cup 2019,Hilal El-Helwe
AFC Asian Cup 2019,Hiệp hội bóng đá Bahrain
AFC Asian Cup 2019,Hiệp hội bóng đá Các Tiểu vương quốc Ả Rập Thống nhất
AFC Asian Cup 2019,Hiệp hội bóng đá Hàn Quốc
AFC Asian Cup 2019,Hiệp hội bóng đá Hồng Kông
AFC Asian Cup 2019,Hiệp hội bóng đá Iraq
AFC Asian Cup 2019,Hiệp hội bóng đá Jordan
AFC Asian Cup 2019,Hiệp hội bóng đá Malaysia
AFC Asian Cup 2019,Hiệp hội bóng đá Nhật Bản
AFC Asian Cup 2019,Hiệp hội bóng đá Oman
AFC Asian Cup 2019,Hiệp hội bóng đá Qatar
AFC Asian Cup 2019,Hiệp hội bóng đá Singapore
AFC Asian Cup 2019,Hiệp hội bóng đá Trung Quốc
AFC Asian Cup 2019,Hiệp hội bóng đá Trung Á
AFC Asian Cup 2019,Hiệp phụ (bóng đá)
AFC Asian Cup 2019,Hiệp định hòa bình Israel–Các Tiểu vương quốc Ả Rập Thống nhất
AFC Asian Cup 2019,Hiệu số bàn thắng thua
AFC Asian Cup 2019,Hoa Kỳ
AFC Asian Cup 2019,Hong Kong FA Cup 2018-19
AFC Asian Cup 2019,Hong Kong FA Cup 2019-20
AFC Asian Cup 2019,Hong Kong Premier League 2018-19
AFC Asian Cup 2019,Hong Kong Premier League 2019-20
AFC Asian Cup 2019,Hong Kong Senior Challenge Shield 2018-19
AFC Asian Cup 2019,Hong Kong Senior Challenge Shield 2019-20
AFC Asian Cup 2019,Housain Al-Mogahwi
AFC Asian Cup 2019,Humam Tariq
AFC Asian Cup 2019,Hun Sen Cup 2019
AFC Asian Cup 2019,Hwang Hee-chan
AFC Asian Cup 2019,Hwang Ui-jo
AFC Asian Cup 2019,Hà Lan
AFC Asian Cup 2019,Hàn Quốc
AFC Asian Cup 2019,Hồng Kông
AFC Asian Cup 2019,I-League 2018-19
AFC Asian Cup 2019,I-League 2019-20
AFC Asian Cup 2019,IFA Shield 2019
AFC Asian Cup 2019,Ikromjon Alibaev
AFC Asian Cup 2019,Ilgiz Tantashev
AFC Asian Cup 2019,Indian Super Cup 2019
AFC Asian Cup 2019,Indian Super League mùa giải 2018-19
AFC Asian Cup 2019,Indian Super League mùa giải 2019-20
AFC Asian Cup 2019,Indonesia
AFC Asian Cup 2019,Iran
AFC Asian Cup 2019,Iran Pro League 2018-19
AFC Asian Cup 2019,Iran Pro League 2019-20
AFC Asian Cup 2019,Iranian Super Cup 2019
AFC Asian Cup 2019,Iraq
AFC Asian Cup 2019,Iraq FA Cup 2018-19
AFC Asian Cup 2019,Iraq FA Cup 2019-20
AFC Asian Cup 2019,Iraqi Premier League 2018-19
AFC Asian Cup 2019,Iraqi Premier League 2019-20
AFC Asian Cup 2019,Islom Tukhtakhodjaev
AFC Asian Cup 2019,J.League Cup 2019
AFC Asian Cup 2019,J1 League 2019
AFC Asian Cup 2019,JTBC
AFC Asian Cup 2019,Jaloliddin Masharipov
AFC Asian Cup 2019,Jamal Rashid
AFC Asian Cup 2019,Jamie Maclaren
AFC Asian Cup 2019,Japanese Super Cup 2019
AFC Asian Cup 2019,Javokhir Sidikov
AFC Asian Cup 2019,Jeje Lalpekhlua
AFC Asian Cup 2019,Jonathan Cantillana
AFC Asian Cup 2019,Jong Il-gwan
AFC Asian Cup 2019,Jordan
AFC Asian Cup 2019,Jordan FA Cup 2018-19
AFC Asian Cup 2019,Jordan FA Cup 2019-20
AFC Asian Cup 2019,Jordan League 2018-19
AFC Asian Cup 2019,Jordan League 2019-20
AFC Asian Cup 2019,K League 1 2019
AFC Asian Cup 2019,Karim Ansarifard
AFC Asian Cup 2019,Khalfan Mubarak
AFC Asian Cup 2019,Khamis Al-Marri
AFC Asian Cup 2019,Khamis Esmaeel
AFC Asian Cup 2019,Khách sạn Armani
AFC Asian Cup 2019,Khủng hoảng ngoại giao Qatar 2017
AFC Asian Cup 2019,Kim Dong-jin (trọng tài)
AFC Asian Cup 2019,Kim Jin-su
AFC Asian Cup 2019,Kim Min-jae (cầu thủ bóng đá)
AFC Asian Cup 2019,Kimura Hiroyuki (trọng tài)
AFC Asian Cup 2019,King Cup 2019
AFC Asian Cup 2019,Ko Hyung-jin
AFC Asian Cup 2019,Kosovo
AFC Asian Cup 2019,Kuwait Crown Prince Cup 2018-19
AFC Asian Cup 2019,Kuwait Crown Prince Cup 2019-20
AFC Asian Cup 2019,Kuwait Emir Cup 2018-19
AFC Asian Cup 2019,Kuwait Emir Cup 2019-20
AFC Asian Cup 2019,Kuwait Federation Cup 2018-19
AFC Asian Cup 2019,Kuwait Federation Cup 2019-20
AFC Asian Cup 2019,Kuwait Super Cup 2019
AFC Asian Cup 2019,Kuwaiti Premier League 2018-19
AFC Asian Cup 2019,Kuwaiti Premier League 2019-20
AFC Asian Cup 2019,Kyrgyzstan
AFC Asian Cup 2019,Kyrgyzstan Cup 2019
AFC Asian Cup 2019,Kyrgyzstan League 2019
AFC Asian Cup 2019,Kỷ lục và thống kê Cúp bóng đá châu Á
AFC Asian Cup 2019,Lagardère Thể thao và Giải trí
AFC Asian Cup 2019,Lao FF Cup 2019
AFC Asian Cup 2019,Lao Premier League 2019
AFC Asian Cup 2019,Lebanese Elite Cup 2019
AFC Asian Cup 2019,Lebanese FA Cup 2018-19
AFC Asian Cup 2019,Lebanese FA Cup 2019-20
AFC Asian Cup 2019,Lebanese Premier League 2018-19
AFC Asian Cup 2019,Lebanese Premier League 2019-20
AFC Asian Cup 2019,"Lee Yong (cầu thủ bóng đá, sinh năm 1986)"
AFC Asian Cup 2019,Liban
AFC Asian Cup 2019,Liga Futebol Amadora 2019
AFC Asian Cup 2019,Liga de Elite 2019
AFC Asian Cup 2019,Linh vật chính thức của Cúp bóng đá châu Á
AFC Asian Cup 2019,Liên đoàn bóng đá Iran
AFC Asian Cup 2019,Liên đoàn bóng đá México
AFC Asian Cup 2019,Liên đoàn bóng đá Sri Lanka
AFC Asian Cup 2019,Liên đoàn bóng đá Tây Á
AFC Asian Cup 2019,Liên đoàn bóng đá Uzbekistan
AFC Asian Cup 2019,Liên đoàn bóng đá châu Á
AFC Asian Cup 2019,Liên đoàn bóng đá Úc
AFC Asian Cup 2019,Liên đoàn bóng đá Ả Rập Xê Út
AFC Asian Cup 2019,Loạt sút luân lưu (bóng đá)
AFC Asian Cup 2019,Lào
AFC Asian Cup 2019,Lưu Quách Dân
AFC Asian Cup 2019,Lương Xuân Trường
AFC Asian Cup 2019,M*League Division 1 2019
AFC Asian Cup 2019,Malaysia
AFC Asian Cup 2019,Malaysia Cup 2019
AFC Asian Cup 2019,Malaysia FA Cup 2019
AFC Asian Cup 2019,Malaysia Super League 2019
AFC Asian Cup 2019,Maldives FA Cup 2019
AFC Asian Cup 2019,Malé League 2019
AFC Asian Cup 2019,Manama
AFC Asian Cup 2019,Mangyongdae Prize Sports Games 2019
AFC Asian Cup 2019,Marat Bikmaev
AFC Asian Cup 2019,Mark Milligan
AFC Asian Cup 2019,Martyr's Memorial A-Division League 2018-19
AFC Asian Cup 2019,Martyr's Memorial A-Division League 2019-20
AFC Asian Cup 2019,Mathew Leckie
AFC Asian Cup 2019,Matthew Cream
AFC Asian Cup 2019,Mehdi Taremi
AFC Asian Cup 2019,Minamino Takumi
AFC Asian Cup 2019,Minivan Championship 2019
AFC Asian Cup 2019,Mirlan Murzaev
AFC Asian Cup 2019,Mohamed Al Romaihi
AFC Asian Cup 2019,Mohammadreza Mansouri
AFC Asian Cup 2019,Mohammed Abdulla Hassan Mohamed
AFC Asian Cup 2019,Mohammed Al-Fatil
AFC Asian Cup 2019,Mohammed Al-Musalami
AFC Asian Cup 2019,Mohammed Saleh (cầu thủ bóng đá)
AFC Asian Cup 2019,Mohanad Ali
AFC Asian Cup 2019,Mohanad Qassim
AFC Asian Cup 2019,Mohd Amirul Izwan Yaacob
AFC Asian Cup 2019,Molten Acentec
AFC Asian Cup 2019,Molten Corporation
AFC Asian Cup 2019,Montenegro
AFC Asian Cup 2019,Muhammad Taqi (trọng tài)
AFC Asian Cup 2019,Muhsen Al-Ghassani
AFC Asian Cup 2019,Musa Al-Taamari
AFC Asian Cup 2019,Muto Yoshinori
AFC Asian Cup 2019,Myanmar
AFC Asian Cup 2019,Myanmar National League 2019
AFC Asian Cup 2019,Mã Ninh (trọng tài)
AFC Asian Cup 2019,México
AFC Asian Cup 2019,NHK
AFC Asian Cup 2019,Nagatomo Yūto
AFC Asian Cup 2019,Nawaf Shukralla
AFC Asian Cup 2019,Ncell Cup 2019
AFC Asian Cup 2019,Nghệ thuật Hồi giáo
AFC Asian Cup 2019,Nguyễn Công Phượng
AFC Asian Cup 2019,Nguyễn Quang Hải (sinh 1997)
AFC Asian Cup 2019,Nhật Bản
AFC Asian Cup 2019,Odil Ahmedov
AFC Asian Cup 2019,Oman
AFC Asian Cup 2019,Oman Professional League 2018-19
AFC Asian Cup 2019,Oman Professional League 2019-20
AFC Asian Cup 2019,Oman Professional League Cup 2018-19
AFC Asian Cup 2019,Oman Professional League Cup 2019-20
AFC Asian Cup 2019,Omani Super Cup 2019
AFC Asian Cup 2019,Omar Al Somah
AFC Asian Cup 2019,Omar Kharbin
AFC Asian Cup 2019,Omid Ebrahimi
AFC Asian Cup 2019,Osako Yuya
AFC Asian Cup 2019,Otabek Shukurov
AFC Asian Cup 2019,PFL Cup 2019
AFC Asian Cup 2019,Pak Kwang-ryong
AFC Asian Cup 2019,Pakistan Premier League 2018-19
AFC Asian Cup 2019,Pakistan Premier League 2019-20
AFC Asian Cup 2019,Palestine Cup 2018-19
AFC Asian Cup 2019,Palestine Cup 2019-20
AFC Asian Cup 2019,Pansa Hemviboon
AFC Asian Cup 2019,Paolo Valeri
AFC Asian Cup 2019,Papua New Guinea
AFC Asian Cup 2019,Pavel Matyash
AFC Asian Cup 2019,Peter Green (trọng tài)
AFC Asian Cup 2019,Phil Younghusband
AFC Asian Cup 2019,Philippines
AFC Asian Cup 2019,Philippines Football League 2019
AFC Asian Cup 2019,Pháp
AFC Asian Cup 2019,Phó Minh
AFC Asian Cup 2019,Phạt đền (bóng đá)
AFC Asian Cup 2019,Phản lưới nhà
AFC Asian Cup 2019,Piala Indonesia 2019
AFC Asian Cup 2019,President's Cup (Maldives) 2019
AFC Asian Cup 2019,Qatar
AFC Asian Cup 2019,Qatar Cup 2019
AFC Asian Cup 2019,Qatar Stars League 2018-19
AFC Asian Cup 2019,Qatar Stars League 2019-20
AFC Asian Cup 2019,Quế Ngọc Hải
AFC Asian Cup 2019,Quốc kỳ Các Tiểu vương quốc Ả Rập Thống nhất
AFC Asian Cup 2019,Ravshan Irmatov
AFC Asian Cup 2019,Reuters
AFC Asian Cup 2019,Ri Il-jin
AFC Asian Cup 2019,Robbie Kruse
AFC Asian Cup 2019,Saad Al Sheeb
AFC Asian Cup 2019,Salem Al-Dawsari
AFC Asian Cup 2019,Saman Ghoddos
AFC Asian Cup 2019,Sardar Azmoun
AFC Asian Cup 2019,Sato Ryuji
AFC Asian Cup 2019,Saudi Crown Prince Cup 2018-19
AFC Asian Cup 2019,Saudi Crown Prince Cup 2019-20
AFC Asian Cup 2019,Saudi Professional League 2018-19
AFC Asian Cup 2019,Saudi Professional League 2019-20
AFC Asian Cup 2019,Saudi Super Cup 2019
AFC Asian Cup 2019,Scotland
AFC Asian Cup 2019,Sen hồng
AFC Asian Cup 2019,Serbia
AFC Asian Cup 2019,Sharjah
AFC Asian Cup 2019,Sheikh Jassem Cup 2019
AFC Asian Cup 2019,Shibasaki Gaku
AFC Asian Cup 2019,Shiotani Tsukasa
AFC Asian Cup 2019,Singapore
AFC Asian Cup 2019,Singapore Charity Shield 2019
AFC Asian Cup 2019,Singapore Cup 2019
AFC Asian Cup 2019,Singapore League Cup 2019
AFC Asian Cup 2019,Singapore Premier League 2019
AFC Asian Cup 2019,Siêu cúp bóng đá Việt Nam 2019
AFC Asian Cup 2019,Slovenia
AFC Asian Cup 2019,Soh Chin Ann
AFC Asian Cup 2019,Sports Channel (Israel)
AFC Asian Cup 2019,Sri Lanka
AFC Asian Cup 2019,Sri Lanka FA Cup 2018-19
AFC Asian Cup 2019,Sri Lanka FA Cup 2019-20
AFC Asian Cup 2019,Sri Lanka Football Premier League 2018-19
AFC Asian Cup 2019,Sri Lanka Football Premier League 2019-20
AFC Asian Cup 2019,Stephan Schröck
AFC Asian Cup 2019,Sultan Haji Ahmad Shah Cup 2019
AFC Asian Cup 2019,Sultan Qaboos Cup 2018-19
AFC Asian Cup 2019,Sultan Qaboos Cup 2019-20
AFC Asian Cup 2019,Sun Jihai
AFC Asian Cup 2019,Sunil Chhetri
AFC Asian Cup 2019,Supachai Jaided
AFC Asian Cup 2019,Suphan Thongsong
AFC Asian Cup 2019,Syrian Cup 2019
AFC Asian Cup 2019,Syrian Premier League 2018-19
AFC Asian Cup 2019,Syrian Premier League 2019-20
AFC Asian Cup 2019,Sân vận động Al Maktoum
AFC Asian Cup 2019,Sân vận động Al Nahyan
AFC Asian Cup 2019,Sân vận động Cricket Quốc tế Dubai
AFC Asian Cup 2019,Sân vận động Hazza bin Zayed
AFC Asian Cup 2019,Sân vận động Khalifa bin Zayed
AFC Asian Cup 2019,Sân vận động Mohammed bin Zayed
AFC Asian Cup 2019,Sân vận động Rashid
AFC Asian Cup 2019,Sân vận động Sharjah (bóng đá)
AFC Asian Cup 2019,Sân vận động Thành phố Thể thao Zayed
AFC Asian Cup 2019,Sút luân lưu (bóng đá)
AFC Asian Cup 2019,TV Asahi
AFC Asian Cup 2019,Taiwan Football Premier League 2019
AFC Asian Cup 2019,Tajik Cup 2019
AFC Asian Cup 2019,Tajik League 2019
AFC Asian Cup 2019,Tajik Super Cup 2019
AFC Asian Cup 2019,Tareq Khattab
AFC Asian Cup 2019,Taça 12 de Novembro 2019
AFC Asian Cup 2019,Taça de Macau em futebol 2019
AFC Asian Cup 2019,Teerasil Dangda
AFC Asian Cup 2019,Thai FA Cup 2019
AFC Asian Cup 2019,Thai League Cup 2019
AFC Asian Cup 2019,Thai League T1 2019
AFC Asian Cup 2019,Thailand Champions Cup 2019
AFC Asian Cup 2019,Thitipan Puangchan
AFC Asian Cup 2019,Thomas Lyte
AFC Asian Cup 2019,Thái Lan
AFC Asian Cup 2019,Thế giới Ả Rập
AFC Asian Cup 2019,Thể thức hai lượt
AFC Asian Cup 2019,Thống kê Cúp bóng đá châu Á 2019
AFC Asian Cup 2019,Thủ môn (bóng đá)
AFC Asian Cup 2019,Tishreen Cup 2019
AFC Asian Cup 2019,Tiêu Trí
AFC Asian Cup 2019,Tiếng Anh
AFC Asian Cup 2019,Tiếng Ả Rập
AFC Asian Cup 2019,Tiểu vương quốc của Các Tiểu vương quốc Ả Rập Thống nhất
AFC Asian Cup 2019,Tom Rogic
AFC Asian Cup 2019,Tomiyasu Takehiro
AFC Asian Cup 2019,Trent Sainsbury
AFC Asian Cup 2019,Trung Quốc
AFC Asian Cup 2019,Trung Đông và Bắc Phi
AFC Asian Cup 2019,Trương Lâm Bồng
AFC Asian Cup 2019,Trần Minh Vương
AFC Asian Cup 2019,Trịnh Trí
AFC Asian Cup 2019,Trợ lý trọng tài video
AFC Asian Cup 2019,Turki Al-Khudhayr
AFC Asian Cup 2019,Turkmenistan
AFC Asian Cup 2019,Turkmenistan Cup 2019
AFC Asian Cup 2019,Tursunali Rustamov
AFC Asian Cup 2019,Tweet (mạng xã hội)
AFC Asian Cup 2019,Twitter
AFC Asian Cup 2019,UAE League Cup 2018-19
AFC Asian Cup 2019,UAE League Cup 2019-20
AFC Asian Cup 2019,UAE President's Cup 2018-19
AFC Asian Cup 2019,UAE President's Cup 2019-20
AFC Asian Cup 2019,UAE Pro-League 2018-19
AFC Asian Cup 2019,UAE Pro-League 2019-20
AFC Asian Cup 2019,UAE Super Cup 2019
AFC Asian Cup 2019,UTC+04:00
AFC Asian Cup 2019,Uzbek League 2019
AFC Asian Cup 2019,Uzbekistan
AFC Asian Cup 2019,Uzbekistan Cup 2019
AFC Asian Cup 2019,Uzbekistan Super Cup 2019
AFC Asian Cup 2019,Vahid Amiri
AFC Asian Cup 2019,Valentin Kovalenko
AFC Asian Cup 2019,Vitalij Lux
AFC Asian Cup 2019,Việt Nam
AFC Asian Cup 2019,Vòng bảng AFC Champions League 2019
AFC Asian Cup 2019,Vòng bảng AFC Cup 2019
AFC Asian Cup 2019,Vòng loại AFC Champions League 2019
AFC Asian Cup 2019,Vòng loại AFC Cup 2019
AFC Asian Cup 2019,Vòng loại Cúp bóng đá châu Á
AFC Asian Cup 2019,Vòng loại Cúp bóng đá châu Á 1956
AFC Asian Cup 2019,Vòng loại Cúp bóng đá châu Á 1960
AFC Asian Cup 2019,Vòng loại Cúp bóng đá châu Á 1964
AFC Asian Cup 2019,Vòng loại Cúp bóng đá châu Á 1968
AFC Asian Cup 2019,Vòng loại Cúp bóng đá châu Á 1972
AFC Asian Cup 2019,Vòng loại Cúp bóng đá châu Á 1976
AFC Asian Cup 2019,Vòng loại Cúp bóng đá châu Á 1980
AFC Asian Cup 2019,Vòng loại Cúp bóng đá châu Á 1984
AFC Asian Cup 2019,Vòng loại Cúp bóng đá châu Á 1988
AFC Asian Cup 2019,Vòng loại Cúp bóng đá châu Á 1992
AFC Asian Cup 2019,Vòng loại Cúp bóng đá châu Á 1996
AFC Asian Cup 2019,Vòng loại Cúp bóng đá châu Á 2000
AFC Asian Cup 2019,Vòng loại Cúp bóng đá châu Á 2004
AFC Asian Cup 2019,Vòng loại Cúp bóng đá châu Á 2007
AFC Asian Cup 2019,Vòng loại Cúp bóng đá châu Á 2011
AFC Asian Cup 2019,Vòng loại Cúp bóng đá châu Á 2015
AFC Asian Cup 2019,Vòng loại Cúp bóng đá châu Á 2019
AFC Asian Cup 2019,Vòng loại Cúp bóng đá châu Á 2019 (Vòng 3)
AFC Asian Cup 2019,Vòng loại Cúp bóng đá châu Á 2019 (vòng play-off)
AFC Asian Cup 2019,Vòng loại Cúp bóng đá châu Á 2023
AFC Asian Cup 2019,Vòng loại Cúp bóng đá châu Á 2027
AFC Asian Cup 2019,Vòng loại giải bóng đá vô địch thế giới 2018 khu vực châu Á
AFC Asian Cup 2019,Vòng loại giải bóng đá vô địch thế giới 2018 khu vực châu Á (Vòng 3)
AFC Asian Cup 2019,Vòng loại giải vô địch bóng đá U-23 châu Á 2020
AFC Asian Cup 2019,Vòng loại giải vô địch bóng đá thế giới 2018
AFC Asian Cup 2019,Vòng loại giải vô địch bóng đá thế giới 2018 khu vực châu Á
AFC Asian Cup 2019,Vòng loại giải vô địch bóng đá thế giới 2018 khu vực châu Á (Vòng 1)
AFC Asian Cup 2019,Vòng loại giải vô địch bóng đá thế giới 2018 khu vực châu Á (Vòng 2)
AFC Asian Cup 2019,Vòng loại giải vô địch bóng đá thế giới 2018 khu vực châu Á (Vòng 3)
AFC Asian Cup 2019,Vòng loại giải vô địch bóng đá thế giới 2022 khu vực châu Á
AFC Asian Cup 2019,Vòng đấu loại trực tiếp AFC Champions League 2019
AFC Asian Cup 2019,Vòng đấu loại trực tiếp AFC Cup 2019
AFC Asian Cup 2019,Vũ Lỗi
AFC Asian Cup 2019,Vũ Đại Bảo
AFC Asian Cup 2019,Vương quốc Liên hiệp Anh và Bắc Ireland
AFC Asian Cup 2019,West Bank Premier League 2018-19
AFC Asian Cup 2019,West Bank Premier League 2019-20
AFC Asian Cup 2019,Yaser Tulefat
AFC Asian Cup 2019,Yemeni League 2019
AFC Asian Cup 2019,Yemeni President Cup 2019
AFC Asian Cup 2019,Yoshida Maya
AFC Asian Cup 2019,YouTube
AFC Asian Cup 2019,Úc
AFC Asian Cup 2019,Ý
AFC Asian Cup 2019,Ýokary Liga 2019
AFC Asian Cup 2019,Điểm (bóng đá)
AFC Asian Cup 2019,Đài Loan
AFC Asian Cup 2019,Đài Truyền hình Việt Nam
AFC Asian Cup 2019,Đài truyền hình trung ương Trung Quốc
AFC Asian Cup 2019,Đông Nam Á
AFC Asian Cup 2019,Đông Timor
AFC Asian Cup 2019,Đỗ Duy Mạnh
AFC Asian Cup 2019,Đỗ Hùng Dũng
AFC Asian Cup 2019,Đội tuyển bóng đá quốc gia Afghanistan
AFC Asian Cup 2019,Đội tuyển bóng đá quốc gia Bahrain
AFC Asian Cup 2019,Đội tuyển bóng đá quốc gia Các Tiểu vương quốc Ả Rập Thống nhất
AFC Asian Cup 2019,Đội tuyển bóng đá quốc gia Cộng hòa Dân chủ Nhân dân Triều Tiên
AFC Asian Cup 2019,Đội tuyển bóng đá quốc gia Hàn Quốc
AFC Asian Cup 2019,Đội tuyển bóng đá quốc gia Indonesia
AFC Asian Cup 2019,Đội tuyển bóng đá quốc gia Iran
AFC Asian Cup 2019,Đội tuyển bóng đá quốc gia Iraq
AFC Asian Cup 2019,Đội tuyển bóng đá quốc gia Jordan
AFC Asian Cup 2019,Đội tuyển bóng đá quốc gia Kuwait
AFC Asian Cup 2019,Đội tuyển bóng đá quốc gia Kyrgyzstan
AFC Asian Cup 2019,Đội tuyển bóng đá quốc gia Liban
AFC Asian Cup 2019,Đội tuyển bóng đá quốc gia Malaysia
AFC Asian Cup 2019,Đội tuyển bóng đá quốc gia Nam Yemen
AFC Asian Cup 2019,Đội tuyển bóng đá quốc gia Nhật Bản
AFC Asian Cup 2019,Đội tuyển bóng đá quốc gia Oman
AFC Asian Cup 2019,Đội tuyển bóng đá quốc gia Palestine
AFC Asian Cup 2019,Đội tuyển bóng đá quốc gia Philippines
AFC Asian Cup 2019,Đội tuyển bóng đá quốc gia Qatar
AFC Asian Cup 2019,Đội tuyển bóng đá quốc gia Syria
AFC Asian Cup 2019,Đội tuyển bóng đá quốc gia Tajikistan
AFC Asian Cup 2019,Đội tuyển bóng đá quốc gia Thái Lan
AFC Asian Cup 2019,Đội tuyển bóng đá quốc gia Trung Quốc
AFC Asian Cup 2019,Đội tuyển bóng đá quốc gia Turkmenistan
AFC Asian Cup 2019,Đội tuyển bóng đá quốc gia Uzbekistan
AFC Asian Cup 2019,Đội tuyển bóng đá quốc gia Việt Nam
AFC Asian Cup 2019,Đội tuyển bóng đá quốc gia Việt Nam Cộng hòa
AFC Asian Cup 2019,Đội tuyển bóng đá quốc gia Yemen
AFC Asian Cup 2019,Đội tuyển bóng đá quốc gia Úc
AFC Asian Cup 2019,Đội tuyển bóng đá quốc gia Ả Rập Xê Út
AFC Asian Cup 2019,Đội tuyển bóng đá quốc gia Ấn Độ
AFC Asian Cup 2019,Ả Rập Xê Út
AFC Asian Cup 2019,Ấn Độ
AFC Asian Cup 2019,Bản mẫu:Bóng đá châu Á năm 2018 (AFC)
AFC Asian Cup 2019,Bản mẫu:Bóng đá châu Á năm 2019 (AFC)
AFC Asian Cup 2019,Bản mẫu:Bóng đá châu Á năm 2020 (AFC)
AFC Asian Cup 2019,Bản mẫu:Bảng xếp hạng Cúp bóng đá châu Á 2019
AFC Asian Cup 2019,Bản mẫu:Chú thích báo
AFC Asian Cup 2019,Bản mẫu:Chú thích web
AFC Asian Cup 2019,Bản mẫu:Các sân vận động Cúp bóng đá châu Á 2019
AFC Asian Cup 2019,Bản mẫu:Cúp bóng đá châu Á
AFC Asian Cup 2019,Bản mẫu:Cúp bóng đá châu Á 2019
AFC Asian Cup 2019,Bản mẫu:Vòng chung kết cúp bóng đá châu Á 2019
AFC Asian Cup 2019,Bản mẫu:WLS
AFC Asian Cup 2019,Thảo luận Bản mẫu:Bóng đá châu Á năm 2019 (AFC)
AFC Asian Cup 2019,Thảo luận Bản mẫu:Bảng xếp hạng Cúp bóng đá châu Á 2019
AFC Asian Cup 2019,Thảo luận Bản mẫu:Các sân vận động Cúp bóng đá châu Á 2019
AFC Asian Cup 2019,Thảo luận Bản mẫu:Cúp bóng đá châu Á
AFC Asian Cup 2019,Thảo luận Bản mẫu:Cúp bóng đá châu Á 2019
AFC Asian Cup 2019,Thảo luận Bản mẫu:Vòng chung kết cúp bóng đá châu Á 2019
AFC Asian Cup 2019,Thể loại:Quản lý CS1: bot: trạng thái URL ban đầu không rõ
AFC Asian Cup 2019,Thể loại:Quản lý CS1: tên số: danh sách tác giả
AFC Champions League,AFC
AFC Champions League,AFC Asian Cup
AFC Champions League,AFC Challenge Cup
AFC Champions League,AFC Challenge League
AFC Champions League,AFC Champions League
AFC Champions League,AFC Champions League 2002-03
AFC Champions League,AFC Champions League 2002–03
AFC Champions League,AFC Champions League 2004
AFC Champions League,AFC Champions League 2005
AFC Champions League,AFC Champions League 2006
AFC Champions League,AFC Champions League 2007
AFC Champions League,AFC Champions League 2008
AFC Champions League,AFC Champions League 2009
AFC Champions League,AFC Champions League 2010
AFC Champions League,AFC Champions League 2011
AFC Champions League,AFC Champions League 2012
AFC Champions League,AFC Champions League 2013
AFC Champions League,AFC Champions League 2014
AFC Champions League,AFC Champions League 2015
AFC Champions League,AFC Champions League 2016
AFC Champions League,AFC Champions League 2017
AFC Champions League,AFC Champions League 2018
AFC Champions League,AFC Champions League 2019
AFC Champions League,AFC Champions League 2020
AFC Champions League,AFC Champions League 2021
AFC Champions League,AFC Champions League 2022
AFC Champions League,AFC Champions League 2022–23
AFC Champions League,AFC Champions League 2023–24
AFC Champions League,AFC Champions League Elite 2024–25
AFC Champions League,AFC Champions League Elite 2025–26
AFC Champions League,AFC Champions League Two
AFC Champions League,AFC Championship Game
AFC Champions League,AFC Solidarity Cup
AFC Champions League,AFC Women's Champions League
AFC Champions League,AFC Women's Club Championship
AFC Champions League,ASEAN Football Federation
AFC Champions League,Abderrazak Hamdallah
AFC Champions League,Adelaide United FC
AFC Champions League,Ahmed Al-Dokhi
AFC Champions League,Al-Arabi SC (Qatar)
AFC Champions League,Al-Duhail SC
AFC Champions League,Al-Hilal FC
AFC Champions League,Al-Ittihad (Jeddah)
AFC Champions League,Al-Karamah SC
AFC Champions League,Al-Rasheed SC
AFC Champions League,Al-Shorta SC
AFC Champions League,Al Ahli Saudi FC
AFC Champions League,Al Ain FC
AFC Champions League,Al Hilal SFC
AFC Champions League,Al Jazira Club
AFC Champions League,Al Nassr FC
AFC Champions League,Al Sadd SC
AFC Champions League,Al Shabab FC (Riyadh)
AFC Champions League,Algérie
AFC Champions League,Aliyat Al-Shorta SC
AFC Champions League,An Ik-soo
AFC Champions League,Ante Covic
AFC Champions League,Asamoah Gyan
AFC Champions League,Asian Club Championship 1967
AFC Champions League,Asian Club Championship 1969
AFC Champions League,Asian Club Championship 1970
AFC Champions League,Asian Club Championship 1971
AFC Champions League,Asian Club Championship 1972
AFC Champions League,Asian Club Championship 1985–86
AFC Champions League,Asian Club Championship 1986
AFC Champions League,Asian Club Championship 1987
AFC Champions League,Asian Club Championship 1988–89
AFC Champions League,Asian Club Championship 1989–90
AFC Champions League,Asian Club Championship 1990–91
AFC Champions League,Asian Club Championship 1991
AFC Champions League,Asian Club Championship 1992–93
AFC Champions League,Asian Club Championship 1993–94
AFC Champions League,Asian Club Championship 1994–95
AFC Champions League,Asian Club Championship 1995
AFC Champions League,Asian Club Championship 1996–97
AFC Champions League,Asian Club Championship 1997–98
AFC Champions League,Asian Club Championship 1998–99
AFC Champions League,Asian Club Championship 1999-2000
AFC Champions League,Asian Club Championship 1999–2000
AFC Champions League,Asian Club Championship 2000–01
AFC Champions League,Asian Club Championship 2001–02
AFC Champions League,Asian Football Confederation
AFC Champions League,BEC Tero Sasana FC
AFC Champions League,Bafétimbi Gomis
AFC Champions League,Baghdad Bounedjah
AFC Champions League,Bahrain
AFC Champions League,Brasil
AFC Champions League,Burkina Faso
AFC Champions League,Busan IPark
AFC Champions League,Bóng đá
AFC Champions League,Bóng đá tại Đại hội Thể thao châu Á
AFC Champions League,Bảng tổng hợp thành tích thi đấu của các câu lạc bộ AFC Champions League
AFC Champions League,Bảng xếp hạng giải đấu cấp câu lạc bộ AFC
AFC Champions League,Bỉ
AFC Champions League,CAF Champions League
AFC Champions League,CAF Confederation Cup
AFC Champions League,CAF Super Cup
AFC Champions League,CONCACAF
AFC Champions League,CONCACAF Champions League
AFC Champions League,CONMEBOL
AFC Champions League,Carlos Adriano de Sousa Cruz
AFC Champions League,Central Asian Football Association
AFC Champions League,Champions League (định hướng)
AFC Champions League,China Daily
AFC Champions League,Choi Jin-cheul
AFC Champions League,Chung kết AFC Champions League 2003
AFC Champions League,Chung kết AFC Champions League 2004
AFC Champions League,Chung kết AFC Champions League 2005
AFC Champions League,Chung kết AFC Champions League 2006
AFC Champions League,Chung kết AFC Champions League 2007
AFC Champions League,Chung kết AFC Champions League 2008
AFC Champions League,Chung kết AFC Champions League 2009
AFC Champions League,Chung kết AFC Champions League 2010
AFC Champions League,Chung kết AFC Champions League 2011
AFC Champions League,Chung kết AFC Champions League 2012
AFC Champions League,Chung kết AFC Champions League 2013
AFC Champions League,Chung kết AFC Champions League 2014
AFC Champions League,Chung kết AFC Champions League 2015
AFC Champions League,Chung kết AFC Champions League 2016
AFC Champions League,Chung kết AFC Champions League 2017
AFC Champions League,Chung kết AFC Champions League 2018
AFC Champions League,Chung kết AFC Champions League 2019
AFC Champions League,Chung kết AFC Champions League 2020
AFC Champions League,Chung kết AFC Champions League 2021
AFC Champions League,Chung kết AFC Champions League 2022
AFC Champions League,Chung kết AFC Champions League 2024
AFC Champions League,Chung kết AFC Champions League Elite 2025
AFC Champions League,Chung kết AFC Champions League Elite 2026
AFC Champions League,Châu Á
AFC Champions League,Confederation of African Football
AFC Champions League,Copa Libertadores
AFC Champions League,Copa Sudamericana
AFC Champions League,Các Tiểu vương quốc Ả Rập Thống nhất
AFC Champions League,Các kỷ lục và số liệu thống kê Giải vô địch bóng đá các câu lạc bộ châu Á
AFC Champions League,Câu lạc bộ bóng đá Liêu Ninh Hoành Vận
AFC Champions League,Câu lạc bộ bóng đá Ngân hàng Nông nghiệp Thái Lan
AFC Champions League,Câu lạc bộ bóng đá Quảng Châu
AFC Champions League,Cúp AFC
AFC Champions League,Cúp Chủ tịch AFC
AFC Champions League,Cúp bóng đá AFC-OFC
AFC Champions League,Cúp bóng đá Phi-Á
AFC Champions League,Cúp bóng đá U-17 châu Á
AFC Champions League,Cúp bóng đá U-20 châu Á
AFC Champions League,Cúp bóng đá U-23 châu Á
AFC Champions League,Cúp bóng đá bãi biển châu Á
AFC Champions League,Cúp bóng đá châu Á
AFC Champions League,Cúp bóng đá nữ U-17 châu Á
AFC Champions League,Cúp bóng đá nữ U-20 châu Á
AFC Champions League,Cúp bóng đá nữ châu Á
AFC Champions League,Cúp bóng đá trong nhà U-20 châu Á
AFC Champions League,Cúp bóng đá trong nhà châu Á
AFC Champions League,Cúp bóng đá trong nhà nữ châu Á
AFC Champions League,Cúp các câu lạc bộ đoạt cúp bóng đá quốc gia châu Á
AFC Champions League,Dalian Shide F.C.
AFC Champions League,Danh sách các câu lạc bộ bóng đá
AFC Champions League,Danh sách các câu lạc bộ bóng đá ở Israel
AFC Champions League,Danh sách các huấn luyện viên đoạt Giải vô địch bóng đá các câu lạc bộ châu Á
AFC Champions League,Danh sách huấn luyện viên vô địch Giải vô địch bóng đá các câu lạc bộ châu Á và AFC Champions League
AFC Champions League,Danh sách trận chung kết Giải vô địch bóng đá các câu lạc bộ châu Á
AFC Champions League,Danh sách trận chung kết Giải vô địch bóng đá các câu lạc bộ châu Á và AFC Champions League
AFC Champions League,Danh sách trận chung kết Giải vô địch bóng đá các câu lạc bộ châu Á và AFC Champions League Elite
AFC Champions League,Danh sách trận chung kết của Giải vô địch bóng đá các câu lạc bộ châu Á và AFC Champions League
AFC Champions League,Davar
AFC Champions League,EFootball
AFC Champions League,Edmilson Junior
AFC Champions League,Esteghlal F.C.
AFC Champions League,FC Seoul
AFC Champions League,FIFA
AFC Champions League,FIFA Club World Cup
AFC Champions League,FIFA Intercontinental Cup
AFC Champions League,Gamba Osaka
AFC Champions League,Ghana
AFC Champions League,Giải vô địch bóng đá U-14 châu Á
AFC Champions League,Giải vô địch bóng đá các câu lạc bộ châu Á
AFC Champions League,Giải vô địch bóng đá câu lạc bộ châu Phi-Á
AFC Champions League,Giải vô địch bóng đá nữ U-14 châu Á
AFC Champions League,Giải vô địch bóng đá thế giới
AFC Champions League,Giải vô địch bóng đá thế giới các câu lạc bộ
AFC Champions League,Giải vô địch bóng đá trong nhà các câu lạc bộ châu Á
AFC Champions League,Hao Haidong
AFC Champions League,Hapoel Tel Aviv F.C.
AFC Champions League,Hiệp hội bóng đá Bahrain
AFC Champions League,Hiệp hội bóng đá Các Tiểu vương quốc Ả Rập Thống nhất
AFC Champions League,Hiệp hội bóng đá Hàn Quốc
AFC Champions League,Hiệp hội bóng đá Hồng Kông
AFC Champions League,Hiệp hội bóng đá Indonesia
AFC Champions League,Hiệp hội bóng đá Iraq
AFC Champions League,Hiệp hội bóng đá Israel
AFC Champions League,Hiệp hội bóng đá Kuwait
AFC Champions League,Hiệp hội bóng đá Malaysia
AFC Champions League,Hiệp hội bóng đá Nhật Bản
AFC Champions League,Hiệp hội bóng đá Philippines
AFC Champions League,Hiệp hội bóng đá Qatar
AFC Champions League,Hiệp hội bóng đá Singapore
AFC Champions League,Hiệp hội bóng đá Thái Lan
AFC Champions League,Hiệp hội bóng đá Trung Quốc
AFC Champions League,Hiệp phụ (bóng đá)
AFC Champions League,Homenetmen Beirut F.C.
AFC Champions League,Hàn Quốc
AFC Champions League,Hướng Tây
AFC Champions League,Hệ số UEFA
AFC Champions League,Hồng Kông
AFC Champions League,Hội chứng hô hấp cấp tính nặng
AFC Champions League,Indonesia
AFC Champions League,Iran
AFC Champions League,Iraq
AFC Champions League,Israel
AFC Champions League,Israeli Premier League
AFC Champions League,Ittihad FC
AFC Champions League,JEF United Chiba
AFC Champions League,JEF United Ichihara Chiba
AFC Champions League,Jeonbuk Hyundai Motors
AFC Champions League,Jeonbuk Hyundai Motors FC
AFC Champions League,Jordan
AFC Champions League,"José Mota (footballer, born 1979)"
AFC Champions League,João Soares da Mota Neto
AFC Champions League,Júbilo Iwata
AFC Champions League,Kashima Antlers
AFC Champions League,Kawasaki Frontale
AFC Champions League,Kenya
AFC Champions League,Kim Do-hoon
AFC Champions League,Konami
AFC Champions League,Krung Thai Bank F.C.
AFC Champions League,Kuwait
AFC Champions League,Kỷ lục và số liệu thống kê Giải vô địch bóng đá các câu lạc bộ châu Á và AFC Champions League
AFC Champions League,Leandro Montera da Silva
AFC Champions League,Lebanon
AFC Champions League,Lee Dong-gook
AFC Champions League,Lee Keun-ho
AFC Champions League,Liên đoàn bóng đá Iran
AFC Champions League,Liên đoàn bóng đá Jordan
AFC Champions League,Liên đoàn bóng đá Nam Á
AFC Champions League,Liên đoàn bóng đá Syria
AFC Champions League,Liên đoàn bóng đá Tajikistan
AFC Champions League,Liên đoàn bóng đá Turkmenistan
AFC Champions League,Liên đoàn bóng đá Tây Á
AFC Champions League,Liên đoàn bóng đá Uzbekistan
AFC Champions League,Liên đoàn bóng đá Việt Nam
AFC Champions League,Liên đoàn bóng đá châu Á
AFC Champions League,Liên đoàn bóng đá Úc
AFC Champions League,Liên đoàn bóng đá Đông Á
AFC Champions League,Liên đoàn bóng đá Ả Rập Saudi
AFC Champions League,Liên đoàn bóng đá Ả Rập Xê Út
AFC Champions League,Liên đoàn bóng đá Ấn Độ
AFC Champions League,Liêu Ninh Hoành Vận
AFC Champions League,Loạt sút luân lưu (bóng đá)
AFC Champions League,Luật bàn thắng sân khách
AFC Champions League,Maccabi Netanya F.C.
AFC Champions League,Maccabi Tel Aviv F.C.
AFC Champions League,Magno Alves
AFC Champions League,Malaysia
AFC Champions League,Maroc
AFC Champions League,Michael Olunga
AFC Champions League,Mohamed Kallon
AFC Champions League,Mohammed Noor
AFC Champions League,Muriqui (footballer)
AFC Champions League,Nam Á
AFC Champions League,Nantawat Tansopa
AFC Champions League,Neom
AFC Champions League,Nhật Bản
AFC Champions League,No Byung-jun
AFC Champions League,OFC Champions League
AFC Champions League,OFC President's Cup
AFC Champions League,Oceania Football Confederation
AFC Champions League,Oman
AFC Champions League,Oman FC
AFC Champions League,Omar Abdulrahman
AFC Champions League,Omar Kharbin
AFC Champions League,PAS Tehran F.C.
AFC Champions League,Persepolis F.C.
AFC Champions League,Philippines
AFC Champions League,Pháp
AFC Champions League,Phía đông
AFC Champions League,Pohang Steelers
AFC Champions League,Police Tero F.C.
AFC Champions League,Qatar
AFC Champions League,Quảng Châu Hằng Đại
AFC Champions League,Quảng Châu Hằng Đại Đào Bảo
AFC Champions League,Recopa Sudamericana
AFC Champions League,Redha Tukar
AFC Champions League,Ricardo Goulart
AFC Champions League,Ricardo Oliveira
AFC Champions League,Roberto Firmino
AFC Champions League,Sakai Hiroki
AFC Champions League,Salem Al-Dawsari
AFC Champions League,Sasa Ognenovski
AFC Champions League,Selangor FA
AFC Champions League,Seongnam FC
AFC Champions League,Sepahan F.C.
AFC Champions League,Serbia
AFC Champions League,Seydou Traoré
AFC Champions League,Shabab Al-Ahli Club
AFC Champions League,Sierra Leone
AFC Champions League,Singapore
AFC Champions League,Siêu cúp bóng đá châu Á
AFC Champions League,Siêu cúp bóng đá châu Âu
AFC Champions League,Soufiane Rahimi
AFC Champions League,Suwon Samsung Bluewings
AFC Champions League,Syria
AFC Champions League,Sérgio Ricardo Messias Neves
AFC Champions League,Tajikistan
AFC Champions League,The Chosun Ilbo
AFC Champions League,Therdsak Chaiman
AFC Champions League,Thái Lan
AFC Champions League,Tokyo Verdy
AFC Champions League,Trung Quốc
AFC Champions League,Trung Á
AFC Champions League,Turkmenistan
AFC Champions League,Tây Á
AFC Champions League,Tổng công ty Molten
AFC Champions League,UEFA
AFC Champions League,UEFA Champions League
AFC Champions League,UEFA Conference League
AFC Champions League,UEFA Europa League
AFC Champions League,Ulsan Hyundai FC
AFC Champions League,Urawa Red Diamonds
AFC Champions League,Uzbekistan
AFC Champions League,Việt Nam
AFC Champions League,Vòng loại bóng đá nữ Thế vận hội khu vực châu Á
AFC Champions League,Wayback Machine
AFC Champions League,Western Sydney Wanderers FC
AFC Champions League,Yangzee FC
AFC Champions League,Yasuhito Endō
AFC Champions League,Yokohama F. Marinos
AFC Champions League,Yonhap News Agency
AFC Champions League,Yoon Bit-garam
AFC Champions League,Yuichiro Nagai
AFC Champions League,Yuma Suzuki
AFC Champions League,Yōsuke Kashiwagi
AFC Champions League,Zob Ahan Esfahan FC
AFC Champions League,Zoltan Sabo
AFC Champions League,Úc
AFC Champions League,Đô la Mỹ
AFC Champions League,Đông Nam Á
AFC Champions League,Đông Á
AFC Champions League,Đội bóng đá
AFC Champions League,Ả Rập Xê Út
AFC Champions League,Ấn Độ
AFC Champions League,Bản mẫu:AFC Champions League Elite
AFC Champions League,Bản mẫu:Bóng đá nữ thế giới cấp câu lạc bộ
AFC Champions League,Bản mẫu:Các giải thi đấu AFC
AFC Champions League,Bản mẫu:International club football
AFC Champions League,Bản mẫu:Vô địch AFC Champions League
AFC Champions League,Thảo luận Bản mẫu:AFC Champions League Elite
AFC Champions League,Thảo luận Bản mẫu:Các giải thi đấu AFC
AFC Champions League,Thảo luận Bản mẫu:International club football
AFC Champions League,Thảo luận Bản mẫu:Vô địch AFC Champions League
AFC Cup 2019,2017–18 DPR Korea Premier Football League
AFC Cup 2019,2017–18 Hong Kong FA Cup
AFC Cup 2019,2017–18 Hong Kong Premier League
AFC Cup 2019,2017–18 Indian Super League season
AFC Cup 2019,2018 Cambodian League
AFC Cup 2019,2018 Copa Paulino Alcantara
AFC Cup 2019,2018 General Aung San Shield
AFC Cup 2019,2018 Lao Premier League
AFC Cup 2019,2018 Liga 1
AFC Cup 2019,2018 Mongolian Premier League
AFC Cup 2019,2018 Myanmar National League
AFC Cup 2019,2018 Singapore Premier League
AFC Cup 2019,2018 Taiwan Football Premier League
AFC Cup 2019,2018–19 Martyr's Memorial A-Division League
AFC Cup 2019,2019 AFC Cup group stage
AFC Cup 2019,2019 AFC Cup knockout stage
AFC Cup 2019,2019 AFC Cup qualifying play-offs
AFC Cup 2019,AFC Champions League
AFC Cup 2019,AFC Champions League 2019
AFC Cup 2019,AFC Champions League Two
AFC Cup 2019,AFC Champions League Two 2024–25
AFC Cup 2019,AFC Champions League Two 2025–26
AFC Cup 2019,AFC Club Competitions Ranking
AFC Cup 2019,AFC Cup
AFC Cup 2019,Abahani Limited Dhaka
AFC Cup 2019,Afghanistan
AFC Cup 2019,Ahal FK
AFC Cup 2019,Al-Ahed SC
AFC Cup 2019,Al-Ittihad SC Aleppo
AFC Cup 2019,Al-Jaish SC (Syria)
AFC Cup 2019,Al-Jazeera (Jordan)
AFC Cup 2019,Al-Jazeera Club (Jordan)
AFC Cup 2019,Al-Muharraq SC
AFC Cup 2019,Al-Najma SC (Bahrain)
AFC Cup 2019,Al-Nasr SC (Salalah)
AFC Cup 2019,Al-Quwa Al-Jawiya
AFC Cup 2019,Al-Wehdat SC
AFC Cup 2019,Al Ahed FC
AFC Cup 2019,Albirex Niigata
AFC Cup 2019,Albirex Niigata Singapore FC
AFC Cup 2019,Altyn Asyr FK
AFC Cup 2019,April 25 SC
AFC Cup 2019,April 25 Sports Club
AFC Cup 2019,Away goals rule
AFC Cup 2019,Baha' Faisal
AFC Cup 2019,Bahrain
AFC Cup 2019,Bahraini Premier League 2017–18
AFC Cup 2019,Bangladesh
AFC Cup 2019,Bassel Moustafa
AFC Cup 2019,Bhutan
AFC Cup 2019,Bhutan Football Federation
AFC Cup 2019,Bienvenido Marañón
AFC Cup 2019,Brasil
AFC Cup 2019,Brunei
AFC Cup 2019,Bruno Oliveira de Matos
AFC Cup 2019,Bảng xếp hạng giải đấu cấp câu lạc bộ AFC
AFC Cup 2019,Campuchia
AFC Cup 2019,Ceres–Negros F.C.
AFC Cup 2019,Chennaiyin FC
AFC Cup 2019,Chinese Taipei Football Association
AFC Cup 2019,Chung kết AFC Champions League Two 2025
AFC Cup 2019,Chung kết Cúp AFC 2004
AFC Cup 2019,Chung kết Cúp AFC 2005
AFC Cup 2019,Chung kết Cúp AFC 2006
AFC Cup 2019,Chung kết Cúp AFC 2007
AFC Cup 2019,Chung kết Cúp AFC 2008
AFC Cup 2019,Chung kết Cúp AFC 2009
AFC Cup 2019,Chung kết Cúp AFC 2010
AFC Cup 2019,Chung kết Cúp AFC 2011
AFC Cup 2019,Chung kết Cúp AFC 2012
AFC Cup 2019,Chung kết Cúp AFC 2013
AFC Cup 2019,Chung kết Cúp AFC 2014
AFC Cup 2019,Chung kết Cúp AFC 2015
AFC Cup 2019,Chung kết Cúp AFC 2016
AFC Cup 2019,Chung kết Cúp AFC 2017
AFC Cup 2019,Chung kết Cúp AFC 2018
AFC Cup 2019,Chung kết Cúp AFC 2019
AFC Cup 2019,Chung kết Cúp AFC 2021
AFC Cup 2019,Chung kết Cúp AFC 2022
AFC Cup 2019,Chung kết Cúp AFC 2024
AFC Cup 2019,Châu Á
AFC Cup 2019,Colombo FC
AFC Cup 2019,Câu lạc bộ bóng đá Becamex Bình Dương
AFC Cup 2019,Câu lạc bộ bóng đá Hà Nội
AFC Cup 2019,Cúp AFC
AFC Cup 2019,Cúp AFC 2004
AFC Cup 2019,Cúp AFC 2005
AFC Cup 2019,Cúp AFC 2006
AFC Cup 2019,Cúp AFC 2007
AFC Cup 2019,Cúp AFC 2008
AFC Cup 2019,Cúp AFC 2009
AFC Cup 2019,Cúp AFC 2010
AFC Cup 2019,Cúp AFC 2011
AFC Cup 2019,Cúp AFC 2012
AFC Cup 2019,Cúp AFC 2013
AFC Cup 2019,Cúp AFC 2014
AFC Cup 2019,Cúp AFC 2015
AFC Cup 2019,Cúp AFC 2016
AFC Cup 2019,Cúp AFC 2017
AFC Cup 2019,Cúp AFC 2018
AFC Cup 2019,Cúp AFC 2020
AFC Cup 2019,Cúp AFC 2021
AFC Cup 2019,Cúp AFC 2022
AFC Cup 2019,Cúp AFC 2023–24
AFC Cup 2019,Cúp FA Jordan 2017–18
AFC Cup 2019,Cúp FA Liban 2017-18
AFC Cup 2019,Cúp Liên đoàn Bangladesh 2018
AFC Cup 2019,Cúp Nhà vua Bahrain 2017-18
AFC Cup 2019,Cúp Nhà vua Qaboos 2017-18
AFC Cup 2019,Cúp Quốc gia Kyrgyzstan 2018
AFC Cup 2019,Cúp Quốc gia Tajikistan 2018
AFC Cup 2019,Cúp bóng đá Liên đoàn Bangladesh
AFC Cup 2019,Cúp quốc gia Kuwait 2017-18
AFC Cup 2019,Cúp quốc gia Syria 2018
AFC Cup 2019,Cộng hòa Dân chủ Nhân dân Triều Tiên
AFC Cup 2019,DPMM FC
AFC Cup 2019,DPR Korea Football Association
AFC Cup 2019,Danh sách trận chung kết Cúp AFC và AFC Champions League Two
AFC Cup 2019,East Timor Football Federation
AFC Cup 2019,Eero Markkanen
AFC Cup 2019,Erchim FC
AFC Cup 2019,FC Alay
AFC Cup 2019,FC Dordoi Bishkek
AFC Cup 2019,FC Istiklol
AFC Cup 2019,FK Khujand
AFC Cup 2019,"Fernando (footballer, born 1986)"
AFC Cup 2019,Football Association of Indonesia
AFC Cup 2019,Football Association of Singapore
AFC Cup 2019,Football Federation of Cambodia
AFC Cup 2019,Football Federation of Sri Lanka
AFC Cup 2019,Ganiyu Oseni
AFC Cup 2019,Giải bóng đá Cúp Quốc gia 2018
AFC Cup 2019,Giải bóng đá Ngoại hạng Bahrain 2017-18
AFC Cup 2019,Giải bóng đá Ngoại hạng Bangladesh 2018–19
AFC Cup 2019,Giải bóng đá Ngoại hạng Bờ Tây 2017-18
AFC Cup 2019,Giải bóng đá Ngoại hạng Kuwait 2017-18
AFC Cup 2019,Giải bóng đá Ngoại hạng Singapore 2018
AFC Cup 2019,Giải bóng đá Ngoại hạng Syria
AFC Cup 2019,Giải bóng đá Ngoại hạng Syria 2017-18
AFC Cup 2019,Giải bóng đá Vô địch Quốc gia Kyrgyzstan 2018
AFC Cup 2019,Giải bóng đá Vô địch Quốc gia Liban
AFC Cup 2019,Giải bóng đá Vô địch Quốc gia Liban 2017-18
AFC Cup 2019,Giải bóng đá Vô địch Quốc gia Tajikistan
AFC Cup 2019,Giải bóng đá Vô địch Quốc gia Tạikistan 2018
AFC Cup 2019,Giải bóng đá chuyên nghiệp Jordan
AFC Cup 2019,Giải bóng đá chuyên nghiệp Jordan 2017–18
AFC Cup 2019,Giải bóng đá chuyên nghiệp Oman 2017-18
AFC Cup 2019,Giải bóng đá cấp cao Turkmenistan 2018
AFC Cup 2019,Giải bóng đá vô địch quốc gia 2018
AFC Cup 2019,Giải bóng đá vô địch quốc gia Bhutan 2018
AFC Cup 2019,Giải bóng đá vô địch quốc gia Philippines 2018
AFC Cup 2019,Giải bóng đá vô địch quốc gia Sri Lanka 2017-18
AFC Cup 2019,Giải bóng đá vô địch quốc gia Ấn Độ
AFC Cup 2019,Guam
AFC Cup 2019,Hang Yuen F.C.
AFC Cup 2019,Hanoi FC
AFC Cup 2019,Hettikamkanamge Perera
AFC Cup 2019,Hilal Al-Quds Club
AFC Cup 2019,Hiệp hội bóng đá Guam
AFC Cup 2019,Hiệp hội bóng đá Trung Á
AFC Cup 2019,Hiệp phụ (bóng đá)
AFC Cup 2019,Home United FC
AFC Cup 2019,Hong Kong Football Association
AFC Cup 2019,Hà Nội F.C.
AFC Cup 2019,Hồng Kông
AFC Cup 2019,Indonesia
AFC Cup 2019,Issah Yakubu
AFC Cup 2019,Jordan
AFC Cup 2019,Jordan Football Association
AFC Cup 2019,Kaya F.C.–Iloilo
AFC Cup 2019,Khairul Amri
AFC Cup 2019,Kim Yu-song
AFC Cup 2019,Kitchee SC
AFC Cup 2019,Kuala Lumpur
AFC Cup 2019,Kuwait
AFC Cup 2019,Kuwait SC
AFC Cup 2019,Kyrgyzstan
AFC Cup 2019,Köpetdag Aşgabat
AFC Cup 2019,Kỷ lục và số liệu thống kê Cúp AFC và AFC Champions League Two
AFC Cup 2019,Lao Football Federation
AFC Cup 2019,Lao Toyota F.C.
AFC Cup 2019,Liban
AFC Cup 2019,Liên đoàn bóng đá ASEAN
AFC Cup 2019,Liên đoàn bóng đá Bahrain
AFC Cup 2019,Liên đoàn bóng đá Kuwait
AFC Cup 2019,Liên đoàn bóng đá Li Băng
AFC Cup 2019,Liên đoàn bóng đá Mông Cổ
AFC Cup 2019,Liên đoàn bóng đá Nam Á
AFC Cup 2019,Liên đoàn bóng đá Oman
AFC Cup 2019,Liên đoàn bóng đá Quần đảo Bắc Mariana
AFC Cup 2019,Liên đoàn bóng đá Tây Á
AFC Cup 2019,Liên đoàn bóng đá châu Á
AFC Cup 2019,Liên đoàn bóng đá Đông Á
AFC Cup 2019,Loạt sút luân lưu (bóng đá)
AFC Cup 2019,Luật bàn thắng sân khách
AFC Cup 2019,Lào
AFC Cup 2019,Ma Cao
AFC Cup 2019,Macau Football Association
AFC Cup 2019,Malaysia
AFC Cup 2019,Maldives
AFC Cup 2019,Malkiya Club
AFC Cup 2019,Manang Marshyangdi Club
AFC Cup 2019,Mehdi Khalil
AFC Cup 2019,Minerva Punjab F.C.
AFC Cup 2019,Mohamad Jalal Kdouh
AFC Cup 2019,Myanmar
AFC Cup 2019,Myanmar Football Federation
AFC Cup 2019,Mông Cổ
AFC Cup 2019,Nagaworld FC
AFC Cup 2019,National Football Association of Brunei Darussalam
AFC Cup 2019,Nejmeh SC
AFC Cup 2019,Nepal
AFC Cup 2019,Nguyễn Văn Quyết
AFC Cup 2019,Nhà nước Palestine
AFC Cup 2019,Nigeria
AFC Cup 2019,Oman
AFC Cup 2019,PSM Makassar
AFC Cup 2019,Pakistan
AFC Cup 2019,Pakistan Football Federation
AFC Cup 2019,Palestinian Football Association
AFC Cup 2019,Pape Omar Faye
AFC Cup 2019,Persija Jakarta
AFC Cup 2019,Philippine Football Federation
AFC Cup 2019,Philippines
AFC Cup 2019,Phần Lan
AFC Cup 2019,Pyongyang
AFC Cup 2019,Qadsia SC
AFC Cup 2019,Ryomyong Sports Club
AFC Cup 2019,Shan United F.C.
AFC Cup 2019,Singapore
AFC Cup 2019,Sri Lanka
AFC Cup 2019,Suwaiq Club
AFC Cup 2019,Syria
AFC Cup 2019,Syrian Arab Federation for Football
AFC Cup 2019,Sân vận động Kim Nhật Thành
AFC Cup 2019,Sân vận động Kuala Lumpur
AFC Cup 2019,Sénégal
AFC Cup 2019,Tai Po FC
AFC Cup 2019,Taiwan Power Company F.C.
AFC Cup 2019,Tajikistan
AFC Cup 2019,Tajikistan Football Federation
AFC Cup 2019,Tampines Rovers FC
AFC Cup 2019,Tatung F.C.
AFC Cup 2019,Thượng Hải
AFC Cup 2019,Tiếng Anh
AFC Cup 2019,Transport United F.C.
AFC Cup 2019,Triều Tiên
AFC Cup 2019,Trung Quốc
AFC Cup 2019,Turkmenistan
AFC Cup 2019,Turkmenistan Cup 2018
AFC Cup 2019,Tây Ban Nha
AFC Cup 2019,Tổng tỉ số
AFC Cup 2019,UTC+08:00
AFC Cup 2019,Vietnam Football Federation
AFC Cup 2019,Việt Nam
AFC Cup 2019,Vòng bảng Cúp AFC 2019
AFC Cup 2019,Vòng đấu loại trực tiếp Cúp AFC 2019
AFC Cup 2019,Wander Luiz
AFC Cup 2019,Yangon United F.C.
AFC Cup 2019,Yemen
AFC Cup 2019,Ýokary Liga 2018
AFC Cup 2019,Đài Bắc Trung Hoa
AFC Cup 2019,Đông Timor
AFC Cup 2019,Ấn Độ
AFC Cup 2019,Tập tin:AFC location map.png
AFC Cup 2019,Bản mẫu:Mùa giải Cúp AFC
AFC Cup 2019,Thảo luận Bản mẫu:Mùa giải Cúp AFC
ASEAN Championship 2024,Abdel Kader Coulibaly
ASEAN Championship 2024,Accor
ASEAN Championship 2024,Adidas
ASEAN Championship 2024,AirAsia
ASEAN Championship 2024,Akarapong Pumwisat
ASEAN Championship 2024,Amani Aguinaldo
ASEAN Championship 2024,Andrés Nieto
ASEAN Championship 2024,"Anh trai ""say hi"""
ASEAN Championship 2024,Astro (công ty)
ASEAN Championship 2024,Astro Arena
ASEAN Championship 2024,Bayon Television
ASEAN Championship 2024,BeIN Sports
ASEAN Championship 2024,"Ben Davis (cầu thủ bóng đá, sinh 2000)"
ASEAN Championship 2024,"Ben Davis (cầu thủ bóng đá, sinh năm 2000)"
ASEAN Championship 2024,Bjørn Martin Kristensen
ASEAN Championship 2024,Bogor
ASEAN Championship 2024,Boon Rawd Brewery
ASEAN Championship 2024,Bounphachan Bounkong
ASEAN Championship 2024,Brunei
ASEAN Championship 2024,Báo Pháp Luật Thành phố Hồ Chí Minh
ASEAN Championship 2024,Báo Xây dựng
ASEAN Championship 2024,Báo điện tử Tiền Phong
ASEAN Championship 2024,Báo điện tử VTV
ASEAN Championship 2024,Bùi Vĩ Hào
ASEAN Championship 2024,Băng Cốc
ASEAN Championship 2024,Campuchia
ASEAN Championship 2024,Chalermsak Aukkee
ASEAN Championship 2024,Chony Waenpaseuth
ASEAN Championship 2024,Chung kết Giải vô địch bóng đá ASEAN 2024
ASEAN Championship 2024,Chung kết Giải vô địch bóng đá Đông Nam Á 1998
ASEAN Championship 2024,Chung kết Giải vô địch bóng đá Đông Nam Á 2008
ASEAN Championship 2024,Chung kết Giải vô địch bóng đá Đông Nam Á 2010
ASEAN Championship 2024,Chung kết Giải vô địch bóng đá Đông Nam Á 2018
ASEAN Championship 2024,Chung kết Giải vô địch bóng đá Đông Nam Á 2020
ASEAN Championship 2024,Chung kết Giải vô địch bóng đá Đông Nam Á 2022
ASEAN Championship 2024,Danh sách bàn phản lưới nhà của Giải vô địch bóng đá Đông Nam Á
ASEAN Championship 2024,Danh sách cầu thủ tham dự Giải vô địch bóng đá ASEAN 2024
ASEAN Championship 2024,Danh sách cầu thủ tham dự Giải vô địch bóng đá Đông Nam Á 1996
ASEAN Championship 2024,Danh sách cầu thủ tham dự Giải vô địch bóng đá Đông Nam Á 1998
ASEAN Championship 2024,Danh sách cầu thủ tham dự Giải vô địch bóng đá Đông Nam Á 2000
ASEAN Championship 2024,Danh sách cầu thủ tham dự Giải vô địch bóng đá Đông Nam Á 2002
ASEAN Championship 2024,Danh sách cầu thủ tham dự Giải vô địch bóng đá Đông Nam Á 2004
ASEAN Championship 2024,Danh sách cầu thủ tham dự Giải vô địch bóng đá Đông Nam Á 2007
ASEAN Championship 2024,Danh sách cầu thủ tham dự Giải vô địch bóng đá Đông Nam Á 2008
ASEAN Championship 2024,Danh sách cầu thủ tham dự Giải vô địch bóng đá Đông Nam Á 2010
ASEAN Championship 2024,Danh sách cầu thủ tham dự Giải vô địch bóng đá Đông Nam Á 2012
ASEAN Championship 2024,Danh sách cầu thủ tham dự Giải vô địch bóng đá Đông Nam Á 2014
ASEAN Championship 2024,Danh sách cầu thủ tham dự Giải vô địch bóng đá Đông Nam Á 2016
ASEAN Championship 2024,Danh sách cầu thủ tham dự Giải vô địch bóng đá Đông Nam Á 2018
ASEAN Championship 2024,Danh sách cầu thủ tham dự Giải vô địch bóng đá Đông Nam Á 2020
ASEAN Championship 2024,Danh sách cầu thủ tham dự Giải vô địch bóng đá Đông Nam Á 2022
ASEAN Championship 2024,Danh sách hat-trick của Giải vô địch bóng đá Đông Nam Á
ASEAN Championship 2024,Dili
ASEAN Championship 2024,Doãn Ngọc Tân
ASEAN Championship 2024,FIFA
ASEAN Championship 2024,FPT Play
ASEAN Championship 2024,Faris Ramli
ASEAN Championship 2024,Fergus Tierney
ASEAN Championship 2024,Giải vô địch bóng đá ASEAN
ASEAN Championship 2024,Giải vô địch bóng đá ASEAN 2024 (Bảng A)
ASEAN Championship 2024,Giải vô địch bóng đá ASEAN 2024 (Bảng B)
ASEAN Championship 2024,Giải vô địch bóng đá ASEAN 2024 (vòng đấu loại trực tiếp)
ASEAN Championship 2024,Giải vô địch bóng đá ASEAN 2026
ASEAN Championship 2024,Giải vô địch bóng đá U-16 ASEAN 2024
ASEAN Championship 2024,Giải vô địch bóng đá U-19 ASEAN 2024
ASEAN Championship 2024,Giải vô địch bóng đá các câu lạc bộ ASEAN 2024–25
ASEAN Championship 2024,Giải vô địch bóng đá Đông Nam Á 1996
ASEAN Championship 2024,Giải vô địch bóng đá Đông Nam Á 1998
ASEAN Championship 2024,Giải vô địch bóng đá Đông Nam Á 2000
ASEAN Championship 2024,Giải vô địch bóng đá Đông Nam Á 2002
ASEAN Championship 2024,Giải vô địch bóng đá Đông Nam Á 2004
ASEAN Championship 2024,Giải vô địch bóng đá Đông Nam Á 2007
ASEAN Championship 2024,Giải vô địch bóng đá Đông Nam Á 2008
ASEAN Championship 2024,Giải vô địch bóng đá Đông Nam Á 2010
ASEAN Championship 2024,Giải vô địch bóng đá Đông Nam Á 2012
ASEAN Championship 2024,Giải vô địch bóng đá Đông Nam Á 2014
ASEAN Championship 2024,Giải vô địch bóng đá Đông Nam Á 2016
ASEAN Championship 2024,Giải vô địch bóng đá Đông Nam Á 2018
ASEAN Championship 2024,Giải vô địch bóng đá Đông Nam Á 2020
ASEAN Championship 2024,Giải vô địch bóng đá Đông Nam Á 2022
ASEAN Championship 2024,Hav Soknet
ASEAN Championship 2024,Hein Phyo Win
ASEAN Championship 2024,Hiệp hội bóng đá Bahrain
ASEAN Championship 2024,Hiệp hội bóng đá Hàn Quốc
ASEAN Championship 2024,Hiệp hội bóng đá Hồng Kông
ASEAN Championship 2024,"Hiệp hội bóng đá Hồng Kông, Trung Quốc"
ASEAN Championship 2024,Hiệp hội bóng đá Indonesia
ASEAN Championship 2024,Hiệp hội bóng đá Jordan
ASEAN Championship 2024,Hiệp hội bóng đá Malaysia
ASEAN Championship 2024,Hiệp hội bóng đá Nhật Bản
ASEAN Championship 2024,Hiệp hội bóng đá Oman
ASEAN Championship 2024,Hiệp hội bóng đá Qatar
ASEAN Championship 2024,Hiệp hội bóng đá Singapore
ASEAN Championship 2024,Hiệp hội bóng đá Thái Lan
ASEAN Championship 2024,Hiệp hội bóng đá Trung Quốc
ASEAN Championship 2024,Hiệp hội bóng đá Uzbekistan
ASEAN Championship 2024,Hiệp phụ (bóng đá)
ASEAN Championship 2024,Hiệu số bàn thắng thua
ASEAN Championship 2024,Hoàng Ngọc Hà
ASEAN Championship 2024,Hà Nội
ASEAN Championship 2024,Hàn Quốc
ASEAN Championship 2024,ISSN
ASEAN Championship 2024,Indonesia
ASEAN Championship 2024,Jarvey Gayoso
ASEAN Championship 2024,"João Pedro (cầu thủ bóng đá, sinh tháng 6 năm 1998)"
ASEAN Championship 2024,Kadek Arel
ASEAN Championship 2024,Kakang Rudianto
ASEAN Championship 2024,Kallang
ASEAN Championship 2024,Kike Linares
ASEAN Championship 2024,Ko Hyung-jin
ASEAN Championship 2024,Kuala Lumpur
ASEAN Championship 2024,Kydavone Souvanny
ASEAN Championship 2024,Kyoga Nakamura
ASEAN Championship 2024,Lao Động (báo)
ASEAN Championship 2024,Liên đoàn bóng đá ASEAN
ASEAN Championship 2024,Liên đoàn bóng đá Việt Nam
ASEAN Championship 2024,Liên đoàn bóng đá Ả Rập Xê Út
ASEAN Championship 2024,Loạt sút luân lưu (bóng đá)
ASEAN Championship 2024,Luật bàn thắng sân khách
ASEAN Championship 2024,Luật bóng đá
ASEAN Championship 2024,Lwin Moe Aung
ASEAN Championship 2024,Lào
ASEAN Championship 2024,Lâm Tuấn Kiệt
ASEAN Championship 2024,Lê Vũ Linh
ASEAN Championship 2024,Lịch thi đấu Trận đấu Quốc tế FIFA
ASEAN Championship 2024,Malaysia
ASEAN Championship 2024,Manila
ASEAN Championship 2024,Marselino Ferdinan
ASEAN Championship 2024,Maung Maung Lwin
ASEAN Championship 2024,Media Nusantara Citra
ASEAN Championship 2024,Mediacorp
ASEAN Championship 2024,Michael Baldisimo
ASEAN Championship 2024,Mitsubishi Electric
ASEAN Championship 2024,Mitsui Sumitomo Insurance Group
ASEAN Championship 2024,Muhammad Ferarri
ASEAN Championship 2024,Muhammad Taqi (trọng tài)
ASEAN Championship 2024,Myanmar
ASEAN Championship 2024,Nakamura Kyoga
ASEAN Championship 2024,Nguyễn Hai Long
ASEAN Championship 2024,Nguyễn Mạnh Hải (trọng tài)
ASEAN Championship 2024,Nguyễn Quang Hải (sinh 1997)
ASEAN Championship 2024,Nguyễn Tiến Linh
ASEAN Championship 2024,Nguyễn Văn Toàn (cầu thủ bóng đá)
ASEAN Championship 2024,Nguyễn Văn Vĩ
ASEAN Championship 2024,Nguyễn Xuân Son
ASEAN Championship 2024,Nguyễn Đình Triệu
ASEAN Championship 2024,Ngô Duy Lân
ASEAN Championship 2024,Nicholas Mickelson
ASEAN Championship 2024,Ogawa Yudai
ASEAN Championship 2024,Olagar Xavier
ASEAN Championship 2024,Omar Al-Yaqoubi
ASEAN Championship 2024,Pansa Hemviboon
ASEAN Championship 2024,Patrik Gustavsson
ASEAN Championship 2024,Paulo Josué
ASEAN Championship 2024,Peeradol Chamrasamee
ASEAN Championship 2024,Peter Phanthavong
ASEAN Championship 2024,Phathana Phommathep
ASEAN Championship 2024,Philippines
ASEAN Championship 2024,Phnôm Pênh
ASEAN Championship 2024,Phousomboun Panyavong
ASEAN Championship 2024,Phú Thọ
ASEAN Championship 2024,Phạm Tuấn Hải (cầu thủ bóng đá)
ASEAN Championship 2024,Phạt đền (bóng đá)
ASEAN Championship 2024,Phản lưới nhà
ASEAN Championship 2024,Pocari Sweat
ASEAN Championship 2024,Quốc kỳ Singapore
ASEAN Championship 2024,RTB Aneka
ASEAN Championship 2024,Radio Television Brunei
ASEAN Championship 2024,Rafaelson
ASEAN Championship 2024,Sa Ty
ASEAN Championship 2024,Sandro Reyes
ASEAN Championship 2024,Seksan Ratree
ASEAN Championship 2024,Shawal Anuar
ASEAN Championship 2024,Shin Tae-yong
ASEAN Championship 2024,Shopee
ASEAN Championship 2024,Sieng Chanthea
ASEAN Championship 2024,Singapore
ASEAN Championship 2024,Sivakorn Pu-udom
ASEAN Championship 2024,Sor Rotana
ASEAN Championship 2024,Stuart Wilkin
ASEAN Championship 2024,Supachok Sarachat
ASEAN Championship 2024,Suphanan Bureerat
ASEAN Championship 2024,Suphanat Mueanta
ASEAN Championship 2024,Surabaya
ASEAN Championship 2024,Surakarta
ASEAN Championship 2024,Syafiq Ahmad
ASEAN Championship 2024,Sân vận động Hàng Đẫy
ASEAN Championship 2024,Sân vận động Jalan Besar
ASEAN Championship 2024,Sân vận động Manahan
ASEAN Championship 2024,Sân vận động Olympic Phnôm Pênh
ASEAN Championship 2024,"Sân vận động Quốc gia, Singapore"
ASEAN Championship 2024,Sân vận động Quốc gia (Đông Timor)
ASEAN Championship 2024,Sân vận động Quốc gia Bukit Jalil
ASEAN Championship 2024,Sân vận động Quốc gia Lào mới
ASEAN Championship 2024,Sân vận động Quốc gia Mỹ Đình
ASEAN Championship 2024,Sân vận động Quốc gia Rajamangala
ASEAN Championship 2024,Sân vận động Rajamangala
ASEAN Championship 2024,Sân vận động Thuwunna
ASEAN Championship 2024,Sân vận động Việt Trì
ASEAN Championship 2024,Sân vận động tưởng niệm Rizal
ASEAN Championship 2024,Teerasak Poeiphimai
ASEAN Championship 2024,Thanh Niên (báo)
ASEAN Championship 2024,The New Paper
ASEAN Championship 2024,The Straits Times
ASEAN Championship 2024,The Sydney Morning Herald
ASEAN Championship 2024,Thoriq Alkatiri
ASEAN Championship 2024,Thái Lan
ASEAN Championship 2024,Thông tấn xã Việt Nam
ASEAN Championship 2024,Thể thao & Văn hóa
ASEAN Championship 2024,Thủ môn (bóng đá)
ASEAN Championship 2024,Tiếng Anh
ASEAN Championship 2024,Trung Quốc
ASEAN Championship 2024,Trợ lý trọng tài video
ASEAN Championship 2024,Tập đoàn Acecook
ASEAN Championship 2024,Tổng tỉ số
ASEAN Championship 2024,Tổng tỷ số
ASEAN Championship 2024,UTC+06:30
ASEAN Championship 2024,UTC+07:00
ASEAN Championship 2024,UTC+08:00
ASEAN Championship 2024,VTV
ASEAN Championship 2024,VTV2
ASEAN Championship 2024,VTV5
ASEAN Championship 2024,VTV Cần Thơ
ASEAN Championship 2024,Vision+
ASEAN Championship 2024,Viêng Chăn
ASEAN Championship 2024,Việt Nam
ASEAN Championship 2024,Việt Trì
ASEAN Championship 2024,VnExpress
ASEAN Championship 2024,Vòng loại Giải vô địch bóng đá ASEAN 2024
ASEAN Championship 2024,Vòng loại Giải vô địch bóng đá Đông Nam Á 1998
ASEAN Championship 2024,Vòng loại Giải vô địch bóng đá Đông Nam Á 2007
ASEAN Championship 2024,Vòng loại Giải vô địch bóng đá Đông Nam Á 2008
ASEAN Championship 2024,Vòng loại Giải vô địch bóng đá Đông Nam Á 2010
ASEAN Championship 2024,Vòng loại Giải vô địch bóng đá Đông Nam Á 2012
ASEAN Championship 2024,Vòng loại Giải vô địch bóng đá Đông Nam Á 2014
ASEAN Championship 2024,Vòng loại Giải vô địch bóng đá Đông Nam Á 2016
ASEAN Championship 2024,Vòng loại Giải vô địch bóng đá Đông Nam Á 2018
ASEAN Championship 2024,Vòng loại Giải vô địch bóng đá Đông Nam Á 2022
ASEAN Championship 2024,Wai Lin Aung
ASEAN Championship 2024,Weerathep Pomphan
ASEAN Championship 2024,Win Naing Tun
ASEAN Championship 2024,Yangon
ASEAN Championship 2024,Yanmar
ASEAN Championship 2024,YouTube
ASEAN Championship 2024,Zin Nyi Nyi Aung
ASEAN Championship 2024,Điểm (bóng đá)
ASEAN Championship 2024,Đài Tiếng nói Việt Nam
ASEAN Championship 2024,Đông Nam Á
ASEAN Championship 2024,Đại dịch COVID-19 tại châu Á
ASEAN Championship 2024,Đội tuyển bóng đá quốc gia Brunei
ASEAN Championship 2024,Đội tuyển bóng đá quốc gia Campuchia
ASEAN Championship 2024,Đội tuyển bóng đá quốc gia Indonesia
ASEAN Championship 2024,Đội tuyển bóng đá quốc gia Lào
ASEAN Championship 2024,Đội tuyển bóng đá quốc gia Malaysia
ASEAN Championship 2024,Đội tuyển bóng đá quốc gia Myanmar
ASEAN Championship 2024,Đội tuyển bóng đá quốc gia Philippines
ASEAN Championship 2024,Đội tuyển bóng đá quốc gia Singapore
ASEAN Championship 2024,Đội tuyển bóng đá quốc gia Thái Lan
ASEAN Championship 2024,Đội tuyển bóng đá quốc gia Việt Nam
ASEAN Championship 2024,Đội tuyển bóng đá quốc gia Úc
ASEAN Championship 2024,Đội tuyển bóng đá quốc gia Đông Timor
ASEAN Championship 2024,Thảo luận:Giải vô địch bóng đá ASEAN 2024 (Bảng A)
ASEAN Championship 2024,Thảo luận:Giải vô địch bóng đá ASEAN 2024 (Bảng B)
ASEAN Championship 2024,Bản mẫu:Giải vô địch bóng đá ASEAN
ASEAN Championship 2024,Thảo luận Bản mẫu:Giải vô địch bóng đá ASEAN
